,product_key,product_name,brand,color,unit_cost_usd,unit_price_usd,subcategory_key,subcategory,category_key,category,margin
0,1,Contoso 512MB MP3 Player E51 Silver,Contoso,Silver,6.62,12.99,101,MP4&MP3,1,Audio,6.37
1,2,Contoso 512MB MP3 Player E51 Blue,Contoso,Blue,6.62,12.99,101,MP4&MP3,1,Audio,6.37
2,3,Contoso 1G MP3 Player E100 White,Contoso,White,7.4,14.52,101,MP4&MP3,1,Audio,7.119999999999999
3,4,Contoso 2G MP3 Player E200 Silver,Contoso,Silver,11.0,21.57,101,MP4&MP3,1,Audio,10.57
4,5,Contoso 2G MP3 Player E200 Red,Contoso,Red,11.0,21.57,101,MP4&MP3,1,Audio,10.57
5,6,Contoso 2G MP3 Player E200 Black,Contoso,Black,11.0,21.57,101,MP4&MP3,1,Audio,10.57
6,7,Contoso 2G MP3 Player E200 Blue,Contoso,Blue,11.0,21.57,101,MP4&MP3,1,Audio,10.57
7,8,Contoso 4G MP3 Player E400 Silver,Contoso,Silver,30.58,59.99,101,MP4&MP3,1,Audio,29.410000000000004
8,9,Contoso 4G MP3 Player E400 Black,Contoso,Black,30.58,59.99,101,MP4&MP3,1,Audio,29.410000000000004
9,10,Contoso 4G MP3 Player E400 Green,Contoso,Green,30.58,59.99,101,MP4&MP3,1,Audio,29.410000000000004
10,11,Contoso 4G MP3 Player E400 Orange,Contoso,Orange,30.58,59.99,101,MP4&MP3,1,Audio,29.410000000000004
11,12,Contoso 4GB Flash MP3 Player E401 Blue,Contoso,Blue,35.72,77.68,101,MP4&MP3,1,Audio,41.96000000000001
12,13,Contoso 4GB Flash MP3 Player E401 Black,Contoso,Black,35.72,77.68,101,MP4&MP3,1,Audio,41.96000000000001
13,14,Contoso 4GB Flash MP3 Player E401 Silver,Contoso,Silver,35.72,77.68,101,MP4&MP3,1,Audio,41.96000000000001
14,15,Contoso 4GB Flash MP3 Player E401 White,Contoso,White,35.72,77.68,101,MP4&MP3,1,Audio,41.96000000000001
15,16,Contoso 8GB Super-Slim MP3/Video Player M800 White,Contoso,White,50.56,109.95,101,MP4&MP3,1,Audio,59.39
16,17,Contoso 8GB Super-Slim MP3/Video Player M800 Red,Contoso,Red,50.56,109.95,101,MP4&MP3,1,Audio,59.39
17,18,Contoso 8GB Super-Slim MP3/Video Player M800 Green,Contoso,Green,50.56,109.95,101,MP4&MP3,1,Audio,59.39
18,19,Contoso 8GB Super-Slim MP3/Video Player M800 Pink,Contoso,Pink,50.56,109.95,101,MP4&MP3,1,Audio,59.39
19,20,Contoso 8GB MP3 Player new model M820 Black,Contoso,Black,61.62,134.0,101,MP4&MP3,1,Audio,72.38
20,21,Contoso 8GB MP3 Player new model M820 Blue,Contoso,Blue,61.62,134.0,101,MP4&MP3,1,Audio,72.38
21,22,Contoso 8GB MP3 Player new model M820 Yellow,Contoso,Yellow,61.62,134.0,101,MP4&MP3,1,Audio,72.38
22,23,Contoso 8GB MP3 Player new model M820 White,Contoso,White,61.62,134.0,101,MP4&MP3,1,Audio,72.38
23,24,Contoso 16GB Mp5 Player M1600 Blue,Contoso,Blue,91.93,199.9,101,MP4&MP3,1,Audio,107.97
24,25,Contoso 16GB Mp5 Player M1600 Black,Contoso,Black,91.93,199.9,101,MP4&MP3,1,Audio,107.97
25,26,Contoso 16GB Mp5 Player M1600 Green,Contoso,Green,91.93,199.9,101,MP4&MP3,1,Audio,107.97
26,27,Contoso 16GB Mp5 Player M1600 White,Contoso,White,91.93,199.9,101,MP4&MP3,1,Audio,107.97
27,28,Contoso 16GB Mp5 Player M1600 Red,Contoso,Red,91.93,199.9,101,MP4&MP3,1,Audio,107.97
28,29,Contoso 32GB Video MP3 Player M3200 White,Contoso,White,84.49,255.0,101,MP4&MP3,1,Audio,170.51
29,30,Contoso 32GB Video MP3 Player M3200 Red,Contoso,Red,84.49,255.0,101,MP4&MP3,1,Audio,170.51
30,31,Contoso 32GB Video MP3 Player M3200 Orange,Contoso,Orange,84.49,255.0,101,MP4&MP3,1,Audio,170.51
31,32,Contoso 32GB Video MP3 Player M3200 Pink,Contoso,Pink,84.49,255.0,101,MP4&MP3,1,Audio,170.51
32,33,Contoso 32GB Video MP3 Player M3200 Black,Contoso,Black,84.49,255.0,101,MP4&MP3,1,Audio,170.51
33,34,Contoso 4GB Portable MP3 Player M450 Black,Contoso,Black,48.92,95.95,101,MP4&MP3,1,Audio,47.03
34,35,Contoso 4GB Portable MP3 Player M450 White,Contoso,White,48.92,95.95,101,MP4&MP3,1,Audio,47.03
35,36,Contoso 4GB Portable MP3 Player M450 Yellow,Contoso,Yellow,48.92,95.95,101,MP4&MP3,1,Audio,47.03
36,37,Contoso 8GB Clock & Radio MP3 Player X850 Silver,Contoso,Silver,99.14,299.23,101,MP4&MP3,1,Audio,200.09000000000003
37,38,Contoso 8GB Clock & Radio MP3 Player X850 Black,Contoso,Black,99.14,299.23,101,MP4&MP3,1,Audio,200.09000000000003
38,39,Contoso 8GB Clock & Radio MP3 Player X850 Green,Contoso,Green,99.14,299.23,101,MP4&MP3,1,Audio,200.09000000000003
39,40,Contoso 8GB Clock & Radio MP3 Player X850 Blue,Contoso,Blue,99.14,299.23,101,MP4&MP3,1,Audio,200.09000000000003
40,41,Contoso 16GB New Generation MP5 Player M1650 Silver,Contoso,Silver,106.69,232.0,101,MP4&MP3,1,Audio,125.31
41,42,Contoso 16GB New Generation MP5 Player M1650 White,Contoso,White,106.69,232.0,101,MP4&MP3,1,Audio,125.31
42,43,Contoso 16GB New Generation MP5 Player M1650 Black,Contoso,Black,106.69,232.0,101,MP4&MP3,1,Audio,125.31
43,44,Contoso 16GB New Generation MP5 Player M1650 blue,Contoso,Blue,106.69,232.0,101,MP4&MP3,1,Audio,125.31
44,45,Contoso 16GB New Generation MP5 Player M1650 Pink,Contoso,Pink,106.69,232.0,101,MP4&MP3,1,Audio,125.31
45,46,WWI 1GB Pulse Smart pen E50 White,Wide World Importers,White,76.45,149.95,104,Recording Pen,1,Audio,73.49999999999999
46,47,WWI 1GBPulse Smart pen E50 Black,Wide World Importers,Black,76.45,149.95,104,Recording Pen,1,Audio,73.49999999999999
47,48,WWI 1GB Pulse Smart pen E50 Silver,Wide World Importers,Silver,76.45,149.95,104,Recording Pen,1,Audio,73.49999999999999
48,49,WWI 2GB Pulse Smart pen M100 White,Wide World Importers,White,91.95,199.95,104,Recording Pen,1,Audio,107.99999999999999
49,50,WWI 2GB Pulse Smart pen M100 Black,Wide World Importers,Black,91.95,199.95,104,Recording Pen,1,Audio,107.99999999999999
50,51,WWI 2GB Pulse Smart pen M100 Blue,Wide World Importers,Blue,91.95,199.95,104,Recording Pen,1,Audio,107.99999999999999
51,52,WWI 2GB Pulse Smart pen M100 Silver,Wide World Importers,Silver,91.95,199.95,104,Recording Pen,1,Audio,107.99999999999999
52,53,WWI 4GB Video Recording Pen X200 Black,Wide World Importers,Black,98.07,296.0,104,Recording Pen,1,Audio,197.93
53,54,WWI 4GB Video Recording Pen X200 Red,Wide World Importers,Red,98.07,296.0,104,Recording Pen,1,Audio,197.93
54,55,WWI 4GB Video Recording Pen X200 Pink,Wide World Importers,Pink,98.07,296.0,104,Recording Pen,1,Audio,197.93
55,56,WWI 4GB Video Recording Pen X200 Yellow,Wide World Importers,Yellow,98.07,296.0,104,Recording Pen,1,Audio,197.93
56,57,WWI 1GB Digital Voice Recorder Pen E100 Black,Wide World Importers,Black,79.53,156.0,104,Recording Pen,1,Audio,76.47
57,58,WWI 1GB Digital Voice Recorder Pen E100 Red,Wide World Importers,Red,79.53,156.0,104,Recording Pen,1,Audio,76.47
58,59,WWI 1GB Digital Voice Recorder Pen E100 Pink,Wide World Importers,Pink,79.53,156.0,104,Recording Pen,1,Audio,76.47
59,60,WWI 1GB Digital Voice Recorder Pen E100 White,Wide World Importers,White,79.53,156.0,104,Recording Pen,1,Audio,76.47
60,61,WWI 2GB Spy Video Recorder Pen M300 Black,Wide World Importers,Black,83.24,181.0,104,Recording Pen,1,Audio,97.76
61,62,WWI 2GB Spy Video Recorder Pen M300 White,Wide World Importers,White,83.24,181.0,104,Recording Pen,1,Audio,97.76
62,63,WWI 2GB Spy Video Recorder Pen M300 Blue,Wide World Importers,Blue,83.24,181.0,104,Recording Pen,1,Audio,97.76
63,64,WWI 2GB Spy Video Recorder Pen M300 Silver,Wide World Importers,Silver,83.24,181.0,104,Recording Pen,1,Audio,97.76
64,65,WWI 2GB Spy Video Recorder Pen M300 Purple,Wide World Importers,Purple,83.24,181.0,104,Recording Pen,1,Audio,97.76
65,66,NT Bluetooth Stereo Headphones E52 Blue,Northwind Traders,Blue,13.1,25.69,106,Bluetooth Headphones,1,Audio,12.590000000000002
66,67,NT Bluetooth Stereo Headphones E52 Black,Northwind Traders,Black,13.1,25.69,106,Bluetooth Headphones,1,Audio,12.590000000000002
67,68,NT Bluetooth Stereo Headphones E52 Yellow,Northwind Traders,Yellow,13.1,25.69,106,Bluetooth Headphones,1,Audio,12.590000000000002
68,69,NT Bluetooth Stereo Headphones E52 Pink,Northwind Traders,Pink,13.1,25.69,106,Bluetooth Headphones,1,Audio,12.590000000000002
69,70,NT Wireless Bluetooth Stereo Headphones E102 Silver,Northwind Traders,Silver,22.05,47.95,106,Bluetooth Headphones,1,Audio,25.900000000000002
70,71,NT Wireless Bluetooth Stereo Headphones E102 Black,Northwind Traders,Black,22.05,47.95,106,Bluetooth Headphones,1,Audio,25.900000000000002
71,72,NT Wireless Bluetooth Stereo Headphones E102 Blue,Northwind Traders,Blue,22.05,47.95,106,Bluetooth Headphones,1,Audio,25.900000000000002
72,73,NT Wireless Bluetooth Stereo Headphones E102 White,Northwind Traders,White,22.05,47.95,106,Bluetooth Headphones,1,Audio,25.900000000000002
73,74,NT Bluetooth Active Headphones E202 Black,Northwind Traders,Black,17.45,37.95,106,Bluetooth Headphones,1,Audio,20.500000000000004
74,75,NT Bluetooth Active Headphones E202 White,Northwind Traders,White,17.45,37.95,106,Bluetooth Headphones,1,Audio,20.500000000000004
75,76,NT Bluetooth Active Headphones E202 Red,Northwind Traders,Red,17.45,37.95,106,Bluetooth Headphones,1,Audio,20.500000000000004
76,77,NT Bluetooth Active Headphones E202 Silver,Northwind Traders,Silver,17.45,37.95,106,Bluetooth Headphones,1,Audio,20.500000000000004
77,78,NT Wireless Bluetooth Stereo Headphones E302 Silver,Northwind Traders,Silver,18.65,40.55,106,Bluetooth Headphones,1,Audio,21.9
78,79,NT Wireless Bluetooth Stereo Headphones E302 White,Northwind Traders,White,18.65,40.55,106,Bluetooth Headphones,1,Audio,21.9
79,80,NT Wireless Bluetooth Stereo Headphones E302 Yellow,Northwind Traders,Yellow,18.65,40.55,106,Bluetooth Headphones,1,Audio,21.9
80,81,NT Wireless Bluetooth Stereo Headphones E302 Black,Northwind Traders,Black,18.65,40.55,106,Bluetooth Headphones,1,Audio,21.9
81,82,NT Wireless Bluetooth Stereo Headphones E302 Pink,Northwind Traders,Pink,18.65,40.55,106,Bluetooth Headphones,1,Audio,21.9
82,83,NT Wireless Bluetooth Stereo Headphones M402 Silver,Northwind Traders,Silver,45.98,99.99,106,Bluetooth Headphones,1,Audio,54.01
83,84,NT Wireless Bluetooth Stereo Headphones M402 Red,Northwind Traders,Red,45.98,99.99,106,Bluetooth Headphones,1,Audio,54.01
84,85,NT Wireless Bluetooth Stereo Headphones M402 Green,Northwind Traders,Green,45.98,99.99,106,Bluetooth Headphones,1,Audio,54.01
85,86,NT Wireless Bluetooth Stereo Headphones M402 Black,Northwind Traders,Black,45.98,99.99,106,Bluetooth Headphones,1,Audio,54.01
86,87,NT Wireless Bluetooth Stereo Headphones M402 Purple,Northwind Traders,Purple,45.98,99.99,106,Bluetooth Headphones,1,Audio,54.01
87,88,NT Wireless Transmitter and Bluetooth Headphones M150 Black,Northwind Traders,Black,49.69,149.99,106,Bluetooth Headphones,1,Audio,100.30000000000001
88,89,NT Wireless Transmitter and Bluetooth Headphones M150 Blue,Northwind Traders,Blue,49.69,149.99,106,Bluetooth Headphones,1,Audio,100.30000000000001
89,90,NT Wireless Transmitter and Bluetooth Headphones M150 Silver,Northwind Traders,Silver,49.69,149.99,106,Bluetooth Headphones,1,Audio,100.30000000000001
90,91,NT Wireless Transmitter and Bluetooth Headphones M150 Green,Northwind Traders,Green,49.69,149.99,106,Bluetooth Headphones,1,Audio,100.30000000000001
91,92,NT Wireless Transmitter and Bluetooth Headphones M150 Red,Northwind Traders,Red,49.69,149.99,106,Bluetooth Headphones,1,Audio,100.30000000000001
92,93,WWI Stereo Bluetooth Headphones E1000 Blue,Wide World Importers,Blue,34.36,67.4,106,Bluetooth Headphones,1,Audio,33.040000000000006
93,94,WWI Stereo Bluetooth Headphones E1000 Black,Wide World Importers,Black,34.36,67.4,106,Bluetooth Headphones,1,Audio,33.040000000000006
94,95,WWI Stereo Bluetooth Headphones E1000 Silver,Wide World Importers,Silver,34.36,67.4,106,Bluetooth Headphones,1,Audio,33.040000000000006
95,96,WWI Stereo Bluetooth Headphones E1000 White,Wide World Importers,White,34.36,67.4,106,Bluetooth Headphones,1,Audio,33.040000000000006
96,97,WWI Stereo Bluetooth Headphones E1000 Green,Wide World Importers,Green,34.36,67.4,106,Bluetooth Headphones,1,Audio,33.040000000000006
97,98,WWI Wireless Bluetooth Stereo Headphones M170 Silver,Wide World Importers,Silver,55.18,120.0,106,Bluetooth Headphones,1,Audio,64.82
98,99,WWI Wireless Bluetooth Stereo Headphones M170 Black,Wide World Importers,Black,55.18,120.0,106,Bluetooth Headphones,1,Audio,64.82
99,100,WWI Wireless Bluetooth Stereo Headphones M170 White,Wide World Importers,White,55.18,120.0,106,Bluetooth Headphones,1,Audio,64.82
100,101,WWI Wireless Bluetooth Stereo Headphones M170 Pink,Wide World Importers,Pink,55.18,120.0,106,Bluetooth Headphones,1,Audio,64.82
101,102,WWI Wireless Bluetooth Stereo Headphones M270 Silver,Wide World Importers,Silver,52.88,115.0,106,Bluetooth Headphones,1,Audio,62.12
102,103,WWI Wireless Bluetooth Stereo Headphones M270 Black,Wide World Importers,Black,52.88,115.0,106,Bluetooth Headphones,1,Audio,62.12
103,104,WWI Wireless Bluetooth Stereo Headphones M270 White,Wide World Importers,White,52.88,115.0,106,Bluetooth Headphones,1,Audio,62.12
104,105,WWI Wireless Bluetooth Stereo Headphones M270 Pink,Wide World Importers,Pink,52.88,115.0,106,Bluetooth Headphones,1,Audio,62.12
105,106,WWI Stereo Bluetooth Headphones New Generation M370 Black,Wide World Importers,Black,61.16,132.99,106,Bluetooth Headphones,1,Audio,71.83000000000001
106,107,WWI Stereo Bluetooth Headphones New Generation M370 White,Wide World Importers,White,61.16,132.99,106,Bluetooth Headphones,1,Audio,71.83000000000001
107,108,WWI Stereo Bluetooth Headphones New Generation M370 Yellow,Wide World Importers,Yellow,61.16,132.99,106,Bluetooth Headphones,1,Audio,71.83000000000001
108,109,WWI Stereo Bluetooth Headphones New Generation M370 Orange,Wide World Importers,Orange,61.16,132.99,106,Bluetooth Headphones,1,Audio,71.83000000000001
109,110,WWI Stereo Bluetooth Headphones New Generation M370 Blue,Wide World Importers,Blue,61.16,132.99,106,Bluetooth Headphones,1,Audio,71.83000000000001
110,111,WWI Wireless Transmitter and Bluetooth Headphones X250 Black,Wide World Importers,Black,82.83,249.99,106,Bluetooth Headphones,1,Audio,167.16000000000003
111,112,WWI Wireless Transmitter and Bluetooth Headphones X250 Blue,Wide World Importers,Blue,82.83,249.99,106,Bluetooth Headphones,1,Audio,167.16000000000003
112,113,WWI Wireless Transmitter and Bluetooth Headphones X250 White,Wide World Importers,White,82.83,249.99,106,Bluetooth Headphones,1,Audio,167.16000000000003
113,114,WWI Wireless Transmitter and Bluetooth Headphones X250 Red,Wide World Importers,Red,82.83,249.99,106,Bluetooth Headphones,1,Audio,167.16000000000003
114,115,WWI Wireless Transmitter and Bluetooth Headphones X250 Silver,Wide World Importers,Silver,82.83,249.99,106,Bluetooth Headphones,1,Audio,167.16000000000003
115,116,"Adventure Works 20"" CRT TV E15 Silver",Adventure Works,Silver,86.67,169.99,201,Televisions,2,TV and Video,83.32000000000001
116,117,"Adventure Works 20"" CRT TV E15 Black",Adventure Works,Black,86.67,169.99,201,Televisions,2,TV and Video,83.32000000000001
117,118,"Adventure Works 20"" CRT TV E15 White",Adventure Works,White,86.67,169.99,201,Televisions,2,TV and Video,83.32000000000001
118,119,"Adventure Works 13"" Color TV E25 Silver",Adventure Works,Silver,61.17,119.99,201,Televisions,2,TV and Video,58.81999999999999
119,120,"Adventure Works 13"" Color TV E25 Black",Adventure Works,Black,61.17,119.99,201,Televisions,2,TV and Video,58.81999999999999
120,121,"Adventure Works 13"" Color TV E25 White",Adventure Works,White,61.17,119.99,201,Televisions,2,TV and Video,58.81999999999999
121,122,"Adventure Works 19"" Portable LCD HDTV M110 Silver",Adventure Works,Silver,128.76,279.99,201,Televisions,2,TV and Video,151.23000000000002
122,123,"Adventure Works 19"" Portable LCD HDTV M110 Black",Adventure Works,Black,128.76,279.99,201,Televisions,2,TV and Video,151.23000000000002
123,124,"Adventure Works 19"" Portable LCD HDTV M110 White",Adventure Works,White,128.76,279.99,201,Televisions,2,TV and Video,151.23000000000002
124,125,"Adventure Works 19"" Color Digital TV E35 Silver",Adventure Works,Silver,73.11,143.4,201,Televisions,2,TV and Video,70.29
125,126,"Adventure Works 19"" Color Digital TV E35 Black",Adventure Works,Black,73.11,143.4,201,Televisions,2,TV and Video,70.29
126,127,"Adventure Works 19"" Color Digital TV E35 White",Adventure Works,White,73.11,143.4,201,Televisions,2,TV and Video,70.29
127,128,"Adventure Works 19"" Color Digital TV E35 Brown",Adventure Works,Brown,73.11,143.4,201,Televisions,2,TV and Video,70.29
128,129,"Adventure Works 20"" Analog CRT TV E45 Silver",Adventure Works,Silver,101.97,200.0,201,Televisions,2,TV and Video,98.03
129,130,"Adventure Works 20"" Analog CRT TV E45 Black",Adventure Works,Black,101.97,200.0,201,Televisions,2,TV and Video,98.03
130,131,"Adventure Works 20"" Analog CRT TV E45 White",Adventure Works,White,101.97,200.0,201,Televisions,2,TV and Video,98.03
131,132,"Adventure Works 20"" Analog CRT TV E45 Brown",Adventure Works,Brown,101.97,200.0,201,Televisions,2,TV and Video,98.03
132,133,"Adventure Works 20"" LCD HDTV M120 Silver",Adventure Works,Silver,160.93,349.95,201,Televisions,2,TV and Video,189.01999999999998
133,134,"Adventure Works 20"" LCD HDTV M120 Black",Adventure Works,Black,160.93,349.95,201,Televisions,2,TV and Video,189.01999999999998
134,135,"Adventure Works 20"" LCD HDTV M120 White",Adventure Works,White,160.93,349.95,201,Televisions,2,TV and Video,189.01999999999998
135,136,"Adventure Works 20"" LCD HDTV M120 Brown",Adventure Works,Brown,160.93,349.95,201,Televisions,2,TV and Video,189.01999999999998
136,137,"Adventure Works 32"" LCD HDTV M130 Silver",Adventure Works,Silver,229.93,499.99,201,Televisions,2,TV and Video,270.06
137,138,"Adventure Works 32"" LCD HDTV M130 Black",Adventure Works,Black,229.93,499.99,201,Televisions,2,TV and Video,270.06
138,139,"Adventure Works 32"" LCD HDTV M130 White",Adventure Works,White,229.93,499.99,201,Televisions,2,TV and Video,270.06
139,140,"Adventure Works 32"" LCD HDTV M130 Brown",Adventure Works,Brown,229.93,499.99,201,Televisions,2,TV and Video,270.06
140,141,"Adventure Works 15.6"" LCD TV M130W Silver",Adventure Works,Silver,152.94,299.99,201,Televisions,2,TV and Video,147.05
141,142,"Adventure Works 15.6"" LCD TV M130W Black",Adventure Works,Black,152.94,299.99,201,Televisions,2,TV and Video,147.05
142,143,"Adventure Works 15.6"" LCD TV M130W White",Adventure Works,White,152.94,299.99,201,Televisions,2,TV and Video,147.05
143,144,"Adventure Works 15.6"" LCD TV M130W Brown",Adventure Works,Brown,152.94,299.99,201,Televisions,2,TV and Video,147.05
144,145,"Adventure Works 52"" LCD HDTV X590 Silver",Adventure Works,Silver,960.82,2899.99,201,Televisions,2,TV and Video,1939.1699999999996
145,146,"Adventure Works 52"" LCD HDTV X590 Black",Adventure Works,Black,960.82,2899.99,201,Televisions,2,TV and Video,1939.1699999999996
146,147,"Adventure Works 52"" LCD HDTV X590 White",Adventure Works,White,960.82,2899.99,201,Televisions,2,TV and Video,1939.1699999999996
147,148,"Adventure Works 52"" LCD HDTV X590 Brown",Adventure Works,Brown,960.82,2899.99,201,Televisions,2,TV and Video,1939.1699999999996
148,149,"Adventure Works 40"" LCD HDTV M690 Silver",Adventure Works,Silver,392.6,1184.97,201,Televisions,2,TV and Video,792.37
149,150,"Adventure Works 40"" LCD HDTV M690 Black",Adventure Works,Black,392.6,1184.97,201,Televisions,2,TV and Video,792.37
150,151,"Adventure Works 40"" LCD HDTV M690 White",Adventure Works,White,392.6,1184.97,201,Televisions,2,TV and Video,792.37
151,152,"Adventure Works 40"" LCD HDTV M690 Brown",Adventure Works,Brown,392.6,1184.97,201,Televisions,2,TV and Video,792.37
152,153,"Adventure Works 26"" 720p LCD HDTV M140 Silver",Adventure Works,Silver,216.12,469.97,201,Televisions,2,TV and Video,253.85000000000002
153,154,"Adventure Works 26"" 720p LCD HDTV M140 Black",Adventure Works,Black,216.12,469.97,201,Televisions,2,TV and Video,253.85000000000002
154,155,"Adventure Works 26"" 720p LCD HDTV M140 White",Adventure Works,White,216.12,469.97,201,Televisions,2,TV and Video,253.85000000000002
155,156,"Adventure Works 26"" 720p LCD HDTV M140 Brown",Adventure Works,Brown,216.12,469.97,201,Televisions,2,TV and Video,253.85000000000002
156,157,"Adventure Works 37"" 1080p LCD HDTV M150W Silver",Adventure Works,Silver,505.85,1099.99,201,Televisions,2,TV and Video,594.14
157,158,"Adventure Works 37"" 1080p LCD HDTV M150W Black",Adventure Works,Black,505.85,1099.99,201,Televisions,2,TV and Video,594.14
158,159,"Adventure Works 37"" 1080p LCD HDTV M150W White",Adventure Works,White,505.85,1099.99,201,Televisions,2,TV and Video,594.14
159,160,"Adventure Works 37"" 1080p LCD HDTV M150W Brown",Adventure Works,Brown,505.85,1099.99,201,Televisions,2,TV and Video,594.14
160,161,"Adventure Works 52"" LCD HDTV X790W Silver",Adventure Works,Silver,527.53,1592.2,201,Televisions,2,TV and Video,1064.67
161,162,"Adventure Works 52"" LCD HDTV X790W Black",Adventure Works,Black,527.53,1592.2,201,Televisions,2,TV and Video,1064.67
162,163,"Adventure Works 52"" LCD HDTV X790W White",Adventure Works,White,527.53,1592.2,201,Televisions,2,TV and Video,1064.67
163,164,"Adventure Works 52"" LCD HDTV X790W Brown",Adventure Works,Brown,527.53,1592.2,201,Televisions,2,TV and Video,1064.67
164,165,"Adventure Works 42"" LCD HDTV M55 Black",Adventure Works,Black,389.26,763.51,201,Televisions,2,TV and Video,374.25
165,166,SV 16xDVD M300 Black,Southridge Video,Black,54.72,119.0,202,VCD & DVD,2,TV and Video,64.28
166,167,SV 8xDVD E100 Black,Southridge Video,Black,35.18,69.0,202,VCD & DVD,2,TV and Video,33.82
167,168,SV 16xDVD M310 Black,Southridge Video,Black,59.32,129.0,202,VCD & DVD,2,TV and Video,69.68
168,169,SV 16xDVD M320 Black,Southridge Video,Black,54.72,119.0,202,VCD & DVD,2,TV and Video,64.28
169,170,SV 16xDVD M330 Black,Southridge Video,Black,50.13,109.0,202,VCD & DVD,2,TV and Video,58.87
170,171,SV 16xDVD E340 Black,Southridge Video,Black,45.53,99.0,202,VCD & DVD,2,TV and Video,53.47
171,172,SV 22xDVD X680 Black,Southridge Video,Black,55.99,169.0,202,VCD & DVD,2,TV and Video,113.00999999999999
172,173,SV 8xDVD E120 Black,Southridge Video,Black,45.83,89.9,202,VCD & DVD,2,TV and Video,44.07000000000001
173,174,SV 22xDVD M600 Black,Southridge Video,Black,43.04,129.9,202,VCD & DVD,2,TV and Video,86.86000000000001
174,175,SV 16xDVD M350 Black,Southridge Video,Black,53.76,116.9,202,VCD & DVD,2,TV and Video,63.14000000000001
175,176,SV 16xDVD M360 Black,Southridge Video,Black,58.36,126.9,202,VCD & DVD,2,TV and Video,68.54
176,177,SV 8xDVD E130 Black,Southridge Video,Black,29.01,56.9,202,VCD & DVD,2,TV and Video,27.889999999999997
177,178,SV 8xDVD E140 Black,Southridge Video,Black,33.65,66.0,202,VCD & DVD,2,TV and Video,32.35
178,179,SV 16xDVD M300 Silver,Southridge Video,Silver,54.72,119.0,202,VCD & DVD,2,TV and Video,64.28
179,180,SV 8xDVD E100 Silver,Southridge Video,Silver,35.18,69.0,202,VCD & DVD,2,TV and Video,33.82
180,181,SV 16xDVD M310 Silver,Southridge Video,Silver,59.32,129.0,202,VCD & DVD,2,TV and Video,69.68
181,182,SV 16xDVD M320 Silver,Southridge Video,Silver,54.72,119.0,202,VCD & DVD,2,TV and Video,64.28
182,183,SV 16xDVD M330 Silver,Southridge Video,Silver,50.13,109.0,202,VCD & DVD,2,TV and Video,58.87
183,184,SV 16xDVD E340 Silver,Southridge Video,Silver,45.53,99.0,202,VCD & DVD,2,TV and Video,53.47
184,185,SV 22xDVD X680 Silver,Southridge Video,Silver,55.99,169.0,202,VCD & DVD,2,TV and Video,113.00999999999999
185,186,SV 8xDVD E120 Silver,Southridge Video,Silver,45.83,89.9,202,VCD & DVD,2,TV and Video,44.07000000000001
186,187,SV 22xDVD M600 Silver,Southridge Video,Silver,43.04,129.9,202,VCD & DVD,2,TV and Video,86.86000000000001
187,188,SV 16xDVD M350 Silver,Southridge Video,Silver,53.76,116.9,202,VCD & DVD,2,TV and Video,63.14000000000001
188,189,SV 16xDVD M360 Silver,Southridge Video,Silver,58.36,126.9,202,VCD & DVD,2,TV and Video,68.54
189,190,SV 8xDVD E130 Silver,Southridge Video,Silver,29.01,56.9,202,VCD & DVD,2,TV and Video,27.889999999999997
190,191,SV 8xDVD E140 Silver,Southridge Video,Silver,33.65,66.0,202,VCD & DVD,2,TV and Video,32.35
191,192,Litware Home Theater System 4.1 Channel M410 Black,Litware,Black,275.46,599.0,203,Home Theater System,2,TV and Video,323.54
192,193,Litware Home Theater System 5.1 Channel M511 Black,Litware,Black,321.44,699.0,203,Home Theater System,2,TV and Video,377.56
193,194,Litware Home Theater System 2.1 Channel E210 Black,Litware,Black,152.44,299.0,203,Home Theater System,2,TV and Video,146.56
194,195,Litware Home Theater System 5.1 Channel M510 Black,Litware,Black,293.85,639.0,203,Home Theater System,2,TV and Video,345.15
195,196,Litware Home Theater System 2.1 Channel E211 Black,Litware,Black,137.6,269.9,203,Home Theater System,2,TV and Video,132.29999999999998
196,197,Litware Home Theater System 2.1 Channel E212 Black,Litware,Black,152.9,299.9,203,Home Theater System,2,TV and Video,146.99999999999997
197,198,Litware Home Theater System 4.1 Channel M411 Black,Litware,Black,275.46,599.0,203,Home Theater System,2,TV and Video,323.54
198,199,Litware Home Theater System 4.1 Channel M412 Black,Litware,Black,261.66,569.0,203,Home Theater System,2,TV and Video,307.34
199,200,Litware Home Theater System 4.1 Channel M413 Black,Litware,Black,252.47,549.0,203,Home Theater System,2,TV and Video,296.53
200,201,Litware Home Theater System 5.1 Channel M512 Black,Litware,Black,321.44,699.0,203,Home Theater System,2,TV and Video,377.56
201,202,Litware Home Theater System 5.1 Channel M513 Black,Litware,Black,316.85,689.0,203,Home Theater System,2,TV and Video,372.15
202,203,Litware Home Theater System 7.1 Channel M710 Black,Litware,Black,264.72,799.0,203,Home Theater System,2,TV and Video,534.28
203,204,Litware Home Theater System 7.1 Channel X711 Black,Litware,Black,367.43,1109.0,203,Home Theater System,2,TV and Video,741.5699999999999
204,205,Litware Home Theater System 5.1 Channel M514 Black,Litware,Black,275.46,599.0,203,Home Theater System,2,TV and Video,323.54
205,206,Litware Home Theater System 5.1 Channel M515 Black,Litware,Black,261.66,569.0,203,Home Theater System,2,TV and Video,307.34
206,207,Litware Home Theater System 5.1 Channel M516 Black,Litware,Black,266.26,579.0,203,Home Theater System,2,TV and Video,312.74
207,208,Litware Home Theater System 4.1 Channel M410 Silver,Litware,Silver,275.46,599.0,203,Home Theater System,2,TV and Video,323.54
208,209,Litware Home Theater System 5.1 Channel M511 Silver,Litware,Silver,321.44,699.0,203,Home Theater System,2,TV and Video,377.56
209,210,Litware Home Theater System 2.1 Channel E210 Silver,Litware,Silver,152.44,299.0,203,Home Theater System,2,TV and Video,146.56
210,211,Litware Home Theater System 5.1 Channel M510 Silver,Litware,Silver,293.85,639.0,203,Home Theater System,2,TV and Video,345.15
211,212,Litware Home Theater System 2.1 Channel E211 Silver,Litware,Silver,137.6,269.9,203,Home Theater System,2,TV and Video,132.29999999999998
212,213,Litware Home Theater System 2.1 Channel E212 Silver,Litware,Silver,152.9,299.9,203,Home Theater System,2,TV and Video,146.99999999999997
213,214,Litware Home Theater System 4.1 Channel M411 Silver,Litware,Silver,275.46,599.0,203,Home Theater System,2,TV and Video,323.54
214,215,Litware Home Theater System 4.1 Channel M412 Silver,Litware,Silver,261.66,569.0,203,Home Theater System,2,TV and Video,307.34
215,216,Litware Home Theater System 4.1 Channel M413 Silver,Litware,Silver,252.47,549.0,203,Home Theater System,2,TV and Video,296.53
216,217,Litware Home Theater System 5.1 Channel M512 Silver,Litware,Silver,321.44,699.0,203,Home Theater System,2,TV and Video,377.56
217,218,Litware Home Theater System 5.1 Channel M513 Silver,Litware,Silver,316.85,689.0,203,Home Theater System,2,TV and Video,372.15
218,219,Litware Home Theater System 7.1 Channel M710 Silver,Litware,Silver,264.72,799.0,203,Home Theater System,2,TV and Video,534.28
219,220,Litware Home Theater System 7.1 Channel X711 Silver,Litware,Silver,367.43,1109.0,203,Home Theater System,2,TV and Video,741.5699999999999
220,221,Litware Home Theater System 5.1 Channel M514 Silver,Litware,Silver,275.46,599.0,203,Home Theater System,2,TV and Video,323.54
221,222,Litware Home Theater System 5.1 Channel M515 Silver,Litware,Silver,261.66,569.0,203,Home Theater System,2,TV and Video,307.34
222,223,Litware Home Theater System 5.1 Channel M516 Silver,Litware,Silver,266.26,579.0,203,Home Theater System,2,TV and Video,312.74
223,224,Litware Home Theater System 4.1 Channel M410 Brown,Litware,Brown,275.46,599.0,203,Home Theater System,2,TV and Video,323.54
224,225,Litware Home Theater System 5.1 Channel M511 Brown,Litware,Brown,321.44,699.0,203,Home Theater System,2,TV and Video,377.56
225,226,Litware Home Theater System 2.1 Channel E210 Brown,Litware,Brown,152.44,299.0,203,Home Theater System,2,TV and Video,146.56
226,227,Litware Home Theater System 5.1 Channel M510 Brown,Litware,Brown,293.85,639.0,203,Home Theater System,2,TV and Video,345.15
227,228,Litware Home Theater System 2.1 Channel E211 Brown,Litware,Brown,137.6,269.9,203,Home Theater System,2,TV and Video,132.29999999999998
228,229,Litware Home Theater System 2.1 Channel E212 Brown,Litware,Brown,152.9,299.9,203,Home Theater System,2,TV and Video,146.99999999999997
229,230,Litware Home Theater System 4.1 Channel M411 Brown,Litware,Brown,275.46,599.0,203,Home Theater System,2,TV and Video,323.54
230,231,Litware Home Theater System 4.1 Channel M412 Brown,Litware,Brown,261.66,569.0,203,Home Theater System,2,TV and Video,307.34
231,232,Litware Home Theater System 4.1 Channel M413 Brown,Litware,Brown,252.47,549.0,203,Home Theater System,2,TV and Video,296.53
232,233,Litware Home Theater System 5.1 Channel M512 Brown,Litware,Brown,321.44,699.0,203,Home Theater System,2,TV and Video,377.56
233,234,Litware Home Theater System 5.1 Channel M513 Brown,Litware,Brown,316.85,689.0,203,Home Theater System,2,TV and Video,372.15
234,235,Litware Home Theater System 7.1 Channel M710 Brown,Litware,Brown,264.72,799.0,203,Home Theater System,2,TV and Video,534.28
235,236,Litware Home Theater System 7.1 Channel X711 Brown,Litware,Brown,367.43,1109.0,203,Home Theater System,2,TV and Video,741.5699999999999
236,237,Litware Home Theater System 5.1 Channel M514 Brown,Litware,Brown,275.46,599.0,203,Home Theater System,2,TV and Video,323.54
237,238,Litware Home Theater System 5.1 Channel M515 Brown,Litware,Brown,261.66,569.0,203,Home Theater System,2,TV and Video,307.34
238,239,Litware Home Theater System 5.1 Channel M516 Brown,Litware,Brown,266.26,579.0,203,Home Theater System,2,TV and Video,312.74
239,240,Contoso Home Theater System 2.1 Channel E1200 Black,Contoso,Black,152.44,299.0,203,Home Theater System,2,TV and Video,146.56
240,241,Contoso Home Theater System 2.1 Channel M1210 Black,Contoso,Black,167.73,329.0,203,Home Theater System,2,TV and Video,161.27
241,242,Contoso Home Theater System 7.1 Channel M1700 Black,Contoso,Black,294.54,889.0,203,Home Theater System,2,TV and Video,594.46
242,243,Contoso Home Theater System 4.1 Channel M1400 Black,Contoso,Black,208.52,409.0,203,Home Theater System,2,TV and Video,200.48
243,244,Contoso Home Theater System 5.1 Channel M1500 Black,Contoso,Black,197.28,429.0,203,Home Theater System,2,TV and Video,231.72
244,245,Contoso Home Theater System 5.1 Channel M1510 Black,Contoso,Black,224.87,489.0,203,Home Theater System,2,TV and Video,264.13
245,246,Contoso Home Theater System 4.1 Channel M1410 Black,Contoso,Black,167.73,329.0,203,Home Theater System,2,TV and Video,161.27
246,247,Contoso Home Theater System 5.1 Channel M1520 Black,Contoso,Black,155.89,339.0,203,Home Theater System,2,TV and Video,183.11
247,248,Contoso Home Theater System 5.1 Channel M1530 Black,Contoso,Black,183.49,399.0,203,Home Theater System,2,TV and Video,215.51
248,249,Contoso Home Theater System 2.1 Channel E1220 Black,Contoso,Black,101.46,199.0,203,Home Theater System,2,TV and Video,97.54
249,250,Contoso Home Theater System 5.1 Channel M1540 Black,Contoso,Black,243.27,529.0,203,Home Theater System,2,TV and Video,285.73
250,251,Contoso Home Theater System 4.1 Channel M1420 Black,Contoso,Black,244.72,480.0,203,Home Theater System,2,TV and Video,235.28
251,252,Contoso Home Theater System 2.1 Channel M1230 Black,Contoso,Black,183.54,360.0,203,Home Theater System,2,TV and Video,176.46
252,253,Contoso Home Theater System 2.1 Channel E1200 Silver,Contoso,Silver,152.44,299.0,203,Home Theater System,2,TV and Video,146.56
253,254,Contoso Home Theater System 2.1 Channel M1210 Silver,Contoso,Silver,167.73,329.0,203,Home Theater System,2,TV and Video,161.27
254,255,Contoso Home Theater System 7.1 Channel M1700 Silver,Contoso,Silver,294.54,889.0,203,Home Theater System,2,TV and Video,594.46
255,256,Contoso Home Theater System 4.1 Channel M1400 Silver,Contoso,Silver,208.52,409.0,203,Home Theater System,2,TV and Video,200.48
256,257,Contoso Home Theater System 5.1 Channel M1500 Silver,Contoso,Silver,197.28,429.0,203,Home Theater System,2,TV and Video,231.72
257,258,Contoso Home Theater System 5.1 Channel M1510 Silver,Contoso,Silver,224.87,489.0,203,Home Theater System,2,TV and Video,264.13
258,259,Contoso Home Theater System 4.1 Channel M1410 Silver,Contoso,Silver,167.73,329.0,203,Home Theater System,2,TV and Video,161.27
259,260,Contoso Home Theater System 5.1 Channel M1520 Silver,Contoso,Silver,155.89,339.0,203,Home Theater System,2,TV and Video,183.11
260,261,Contoso Home Theater System 5.1 Channel M1530 Silver,Contoso,Silver,183.49,399.0,203,Home Theater System,2,TV and Video,215.51
261,262,Contoso Home Theater System 2.1 Channel E1220 Silver,Contoso,Silver,101.46,199.0,203,Home Theater System,2,TV and Video,97.54
262,263,Contoso Home Theater System 5.1 Channel M1540 Silver,Contoso,Silver,243.27,529.0,203,Home Theater System,2,TV and Video,285.73
263,264,Contoso Home Theater System 4.1 Channel M1420 Silver,Contoso,Silver,244.72,480.0,203,Home Theater System,2,TV and Video,235.28
264,265,Contoso Home Theater System 2.1 Channel M1230 Silver,Contoso,Silver,183.54,360.0,203,Home Theater System,2,TV and Video,176.46
265,266,Contoso Home Theater System 2.1 Channel E1200 White,Contoso,White,152.44,299.0,203,Home Theater System,2,TV and Video,146.56
266,267,Contoso Home Theater System 2.1 Channel M1210 White,Contoso,White,167.73,329.0,203,Home Theater System,2,TV and Video,161.27
267,268,Contoso Home Theater System 7.1 Channel M1700 White,Contoso,White,294.54,889.0,203,Home Theater System,2,TV and Video,594.46
268,269,Contoso Home Theater System 4.1 Channel M1400 White,Contoso,White,208.52,409.0,203,Home Theater System,2,TV and Video,200.48
269,270,Contoso Home Theater System 5.1 Channel M1500 White,Contoso,White,197.28,429.0,203,Home Theater System,2,TV and Video,231.72
270,271,Contoso Home Theater System 5.1 Channel M1510 White,Contoso,White,224.87,489.0,203,Home Theater System,2,TV and Video,264.13
271,272,Contoso Home Theater System 4.1 Channel M1410 White,Contoso,White,167.73,329.0,203,Home Theater System,2,TV and Video,161.27
272,273,Contoso Home Theater System 5.1 Channel M1520 White,Contoso,White,155.89,339.0,203,Home Theater System,2,TV and Video,183.11
273,274,Contoso Home Theater System 5.1 Channel M1530 White,Contoso,White,183.49,399.0,203,Home Theater System,2,TV and Video,215.51
274,275,Contoso Home Theater System 2.1 Channel E1220 White,Contoso,White,101.46,199.0,203,Home Theater System,2,TV and Video,97.54
275,276,Contoso Home Theater System 5.1 Channel M1540 White,Contoso,White,243.27,529.0,203,Home Theater System,2,TV and Video,285.73
276,277,Contoso Home Theater System 4.1 Channel M1420 White,Contoso,White,244.72,480.0,203,Home Theater System,2,TV and Video,235.28
277,278,Contoso Home Theater System 2.1 Channel M1230 White,Contoso,White,183.54,360.0,203,Home Theater System,2,TV and Video,176.46
278,279,Contoso Home Theater System 2.1 Channel E1200 Brown,Contoso,Brown,152.44,299.0,203,Home Theater System,2,TV and Video,146.56
279,280,Contoso Home Theater System 2.1 Channel M1210 Brown,Contoso,Brown,167.73,329.0,203,Home Theater System,2,TV and Video,161.27
280,281,Contoso Home Theater System 7.1 Channel M1700 Brown,Contoso,Brown,294.54,889.0,203,Home Theater System,2,TV and Video,594.46
281,282,Contoso Home Theater System 4.1 Channel M1400 Brown,Contoso,Brown,208.52,409.0,203,Home Theater System,2,TV and Video,200.48
282,283,Contoso Home Theater System 5.1 Channel M1500 Brown,Contoso,Brown,197.28,429.0,203,Home Theater System,2,TV and Video,231.72
283,284,Contoso Home Theater System 5.1 Channel M1510 Brown,Contoso,Brown,224.87,489.0,203,Home Theater System,2,TV and Video,264.13
284,285,Contoso Home Theater System 4.1 Channel M1410 Brown,Contoso,Brown,167.73,329.0,203,Home Theater System,2,TV and Video,161.27
285,286,Contoso Home Theater System 5.1 Channel M1520 Brown,Contoso,Brown,155.89,339.0,203,Home Theater System,2,TV and Video,183.11
286,287,Contoso Home Theater System 5.1 Channel M1530 Brown,Contoso,Brown,183.49,399.0,203,Home Theater System,2,TV and Video,215.51
287,288,Contoso Home Theater System 2.1 Channel E1220 Brown,Contoso,Brown,101.46,199.0,203,Home Theater System,2,TV and Video,97.54
288,289,Contoso Home Theater System 5.1 Channel M1540 Brown,Contoso,Brown,243.27,529.0,203,Home Theater System,2,TV and Video,285.73
289,290,Contoso Home Theater System 4.1 Channel M1420 Brown,Contoso,Brown,244.72,480.0,203,Home Theater System,2,TV and Video,235.28
290,291,Contoso Home Theater System 2.1 Channel M1230 Brown,Contoso,Brown,183.54,360.0,203,Home Theater System,2,TV and Video,176.46
291,292,SV Car Video LCD7W M7080 Black,Southridge Video,Black,229.93,500.0,205,Car Video,2,TV and Video,270.07
292,293,SV Car Video LCD7W M7081 Black,Southridge Video,Black,229.47,499.0,205,Car Video,2,TV and Video,269.53
293,294,SV Car Video TFT7 M7000 Black,Southridge Video,Black,152.44,299.0,205,Car Video,2,TV and Video,146.56
294,295,SV Car Video TFT6.2W E6280 Black,Southridge Video,Black,142.24,279.0,205,Car Video,2,TV and Video,136.76
295,296,SV Car Video TFT6.2W E6281 Black,Southridge Video,Black,132.05,259.0,205,Car Video,2,TV and Video,126.94999999999999
296,297,SV Car Video TFT6.2W E6282 Black,Southridge Video,Black,137.14,269.0,205,Car Video,2,TV and Video,131.86
297,298,SV Car Video TFT7 M7001 Black,Southridge Video,Black,157.54,309.0,205,Car Video,2,TV and Video,151.46
298,299,SV Car Video AM/FM E1000 Black,Southridge Video,Black,101.46,199.0,205,Car Video,2,TV and Video,97.54
299,300,SV Car Video AM/FM E1001 Black,Southridge Video,Black,111.65,219.0,205,Car Video,2,TV and Video,107.35
300,301,SV Car Video TFT7 M7002 Black,Southridge Video,Black,162.64,319.0,205,Car Video,2,TV and Video,156.36
301,302,SV Car Video LCD9.2W X9280 Black,Southridge Video,Black,330.99,999.0,205,Car Video,2,TV and Video,668.01
302,303,SV Car Video LCD9.2W X9281 Black,Southridge Video,Black,287.92,869.0,205,Car Video,2,TV and Video,581.0799999999999
303,304,SV Car Video LCD7W M7082 Black,Southridge Video,Black,321.44,699.0,205,Car Video,2,TV and Video,377.56
304,305,SV Car Video LCD7 M7001 Black,Southridge Video,Black,151.3,329.0,205,Car Video,2,TV and Video,177.7
305,306,SV Car Video LCD7 M7002 Black,Southridge Video,Black,169.69,369.0,205,Car Video,2,TV and Video,199.31
306,307,SV Car Video LCD7 M7003 Black,Southridge Video,Black,169.69,369.0,205,Car Video,2,TV and Video,199.31
307,308,SV Car Video LCD7W M7080 Silver,Southridge Video,Silver,229.93,500.0,205,Car Video,2,TV and Video,270.07
308,309,SV Car Video LCD7W M7081 Silver,Southridge Video,Silver,229.47,499.0,205,Car Video,2,TV and Video,269.53
309,310,SV Car Video TFT7 M7000 Silver,Southridge Video,Silver,152.44,299.0,205,Car Video,2,TV and Video,146.56
310,311,SV Car Video TFT6.2W E6280 Silver,Southridge Video,Silver,142.24,279.0,205,Car Video,2,TV and Video,136.76
311,312,SV Car Video TFT6.2W E6281 Silver,Southridge Video,Silver,132.05,259.0,205,Car Video,2,TV and Video,126.94999999999999
312,313,SV Car Video TFT6.2W E6282 Silver,Southridge Video,Silver,137.14,269.0,205,Car Video,2,TV and Video,131.86
313,314,SV Car Video TFT7 M7001 Silver,Southridge Video,Silver,157.54,309.0,205,Car Video,2,TV and Video,151.46
314,315,SV Car Video AM/FM E1000 Silver,Southridge Video,Silver,101.46,199.0,205,Car Video,2,TV and Video,97.54
315,316,SV Car Video AM/FM E1001 Silver,Southridge Video,Silver,111.65,219.0,205,Car Video,2,TV and Video,107.35
316,317,SV Car Video TFT7 M7002 Silver,Southridge Video,Silver,162.64,319.0,205,Car Video,2,TV and Video,156.36
317,318,SV Car Video LCD9.2W X9280 Silver,Southridge Video,Silver,330.99,999.0,205,Car Video,2,TV and Video,668.01
318,319,SV Car Video LCD9.2W X9281 Silver,Southridge Video,Silver,287.92,869.0,205,Car Video,2,TV and Video,581.0799999999999
319,320,SV Car Video LCD7W M7082 Silver,Southridge Video,Silver,321.44,699.0,205,Car Video,2,TV and Video,377.56
320,321,SV Car Video LCD7 M7001 Silver,Southridge Video,Silver,151.3,329.0,205,Car Video,2,TV and Video,177.7
321,322,SV Car Video LCD7 M7002 Silver,Southridge Video,Silver,169.69,369.0,205,Car Video,2,TV and Video,199.31
322,323,SV Car Video LCD7 M7003 Silver,Southridge Video,Silver,169.69,369.0,205,Car Video,2,TV and Video,199.31
323,324,SV Car Video LCD7W M7080 Brown,Southridge Video,Brown,229.93,500.0,205,Car Video,2,TV and Video,270.07
324,325,SV Car Video LCD7W M7081 Brown,Southridge Video,Brown,229.47,499.0,205,Car Video,2,TV and Video,269.53
325,326,SV Car Video TFT7 M7000 Brown,Southridge Video,Brown,152.44,299.0,205,Car Video,2,TV and Video,146.56
326,327,SV Car Video TFT6.2W E6280 Brown,Southridge Video,Brown,142.24,279.0,205,Car Video,2,TV and Video,136.76
327,328,SV Car Video TFT6.2W E6281 Brown,Southridge Video,Brown,132.05,259.0,205,Car Video,2,TV and Video,126.94999999999999
328,329,SV Car Video TFT6.2W E6282 Brown,Southridge Video,Brown,137.14,269.0,205,Car Video,2,TV and Video,131.86
329,330,SV Car Video TFT7 M7001 Brown,Southridge Video,Brown,157.54,309.0,205,Car Video,2,TV and Video,151.46
330,331,SV Car Video AM/FM E1000 Brown,Southridge Video,Brown,101.46,199.0,205,Car Video,2,TV and Video,97.54
331,332,SV Car Video AM/FM E1001 Brown,Southridge Video,Brown,111.65,219.0,205,Car Video,2,TV and Video,107.35
332,333,SV Car Video TFT7 M7002 Brown,Southridge Video,Brown,162.64,319.0,205,Car Video,2,TV and Video,156.36
333,334,SV Car Video LCD9.2W X9280 Brown,Southridge Video,Brown,330.99,999.0,205,Car Video,2,TV and Video,668.01
334,335,SV Car Video LCD9.2W X9281 Brown,Southridge Video,Brown,287.92,869.0,205,Car Video,2,TV and Video,581.0799999999999
335,336,SV Car Video LCD7W M7082 Brown,Southridge Video,Brown,321.44,699.0,205,Car Video,2,TV and Video,377.56
336,337,SV Car Video LCD7 M7001 Brown,Southridge Video,Brown,151.3,329.0,205,Car Video,2,TV and Video,177.7
337,338,Fabrikam Laptop19W M9800 Black,Fabrikam,Black,397.25,1199.0,301,Laptops,3,Computers,801.75
338,339,Fabrikam Laptop17W M7080 Black,Fabrikam,Black,404.63,879.9,301,Laptops,3,Computers,475.27
339,340,Fabrikam Laptop17 M7000 Black,Fabrikam,Black,376.63,819.0,301,Laptops,3,Computers,442.37
340,341,Fabrikam Laptop16W M6080 Black,Fabrikam,Black,444.69,967.0,301,Laptops,3,Computers,522.31
341,342,Fabrikam Laptop16 M6000 Black,Fabrikam,Black,275.46,599.0,301,Laptops,3,Computers,323.54
342,343,Fabrikam Laptop19 M9000 Black,Fabrikam,Black,364.12,1099.0,301,Laptops,3,Computers,734.88
343,344,Fabrikam Laptop12 M2000 White,Fabrikam,White,186.6,366.0,301,Laptops,3,Computers,179.4
344,345,Fabrikam Laptop15 M5000 White,Fabrikam,White,321.44,699.0,301,Laptops,3,Computers,377.56
345,346,Fabrikam Laptop15.4 M5400 White,Fabrikam,White,303.05,659.0,301,Laptops,3,Computers,355.95
346,347,Fabrikam Laptop14.1 M4100 White,Fabrikam,White,269.48,586.0,301,Laptops,3,Computers,316.52
347,348,Fabrikam Laptop15.4W M5480 White,Fabrikam,White,348.58,758.0,301,Laptops,3,Computers,409.42
348,349,Fabrikam Laptop10.1 M0100 White,Fabrikam,White,195.26,383.0,301,Laptops,3,Computers,187.74
349,350,Fabrikam Laptop12W M2080 Silver,Fabrikam,Silver,203.42,399.0,301,Laptops,3,Computers,195.58
350,351,Fabrikam Laptop8.9W E0880 Silver,Fabrikam,Silver,171.3,336.0,301,Laptops,3,Computers,164.7
351,352,Fabrikam Laptop8.9 E0800 Silver,Fabrikam,Silver,163.15,320.0,301,Laptops,3,Computers,156.85
352,353,Fabrikam Laptop10.1 M0101 Silver,Fabrikam,Silver,196.23,384.9,301,Laptops,3,Computers,188.67
353,354,Fabrikam Laptop12 M2001 Silver,Fabrikam,Silver,195.24,382.95,301,Laptops,3,Computers,187.70999999999998
354,355,Fabrikam Laptop8.9 M0801 Silver,Fabrikam,Silver,185.32,363.5,301,Laptops,3,Computers,178.18
355,356,Fabrikam Laptop14.1W M4180 Red,Fabrikam,Red,210.11,456.9,301,Laptops,3,Computers,246.78999999999996
356,357,Fabrikam Laptop14.1 E4101 Red,Fabrikam,Red,168.24,330.0,301,Laptops,3,Computers,161.76
357,358,Fabrikam Laptop8.9 E8002 Red,Fabrikam,Red,166.2,326.0,301,Laptops,3,Computers,159.8
358,359,Fabrikam Laptop12 M2002 Red,Fabrikam,Red,187.62,368.0,301,Laptops,3,Computers,180.38
359,360,Fabrikam Laptop13.3 M3000 Red,Fabrikam,Red,193.74,380.0,301,Laptops,3,Computers,186.26
360,361,Fabrikam Laptop13.3W M3080 Red,Fabrikam,Red,198.32,389.0,301,Laptops,3,Computers,190.68
361,362,Adventure Works Laptop19 X1900 Black,Adventure Works,Black,430.38,1299.0,301,Laptops,3,Computers,868.62
362,363,Adventure Works Laptop15 M1500 Black,Adventure Works,Black,321.44,699.0,301,Laptops,3,Computers,377.56
363,364,Adventure Works Laptop12 M1200 Black,Adventure Works,Black,195.24,382.95,301,Laptops,3,Computers,187.70999999999998
364,365,Adventure Works Laptop16 M1600 Black,Adventure Works,Black,275.46,599.0,301,Laptops,3,Computers,323.54
365,366,Adventure Works Laptop15.4W M1548 Black,Adventure Works,Black,348.58,758.0,301,Laptops,3,Computers,409.42
366,367,Adventure Works Laptop8.9 E0890 Black,Adventure Works,Black,166.2,326.0,301,Laptops,3,Computers,159.8
367,368,Adventure Works Laptop19W X1980 White,Adventure Works,White,430.38,1299.0,301,Laptops,3,Computers,868.62
368,369,Adventure Works Laptop15 M1501 White,Adventure Works,White,321.44,699.0,301,Laptops,3,Computers,377.56
369,370,Adventure Works Laptop12 M1201 White,Adventure Works,White,195.24,382.95,301,Laptops,3,Computers,187.70999999999998
370,371,Adventure Works Laptop16 M1601 White,Adventure Works,White,275.46,599.0,301,Laptops,3,Computers,323.54
371,372,Adventure Works Laptop15.4W M1548 White,Adventure Works,White,348.58,758.0,301,Laptops,3,Computers,409.42
372,373,Adventure Works Laptop8.9 E0890 White,Adventure Works,White,166.2,326.0,301,Laptops,3,Computers,159.8
373,374,Adventure Works Laptop19W X1980 Silver,Adventure Works,Silver,430.38,1299.0,301,Laptops,3,Computers,868.62
374,375,Adventure Works Laptop15 M1501 Silver,Adventure Works,Silver,321.44,699.0,301,Laptops,3,Computers,377.56
375,376,Adventure Works Laptop12 M1201 Silver,Adventure Works,Silver,195.24,382.95,301,Laptops,3,Computers,187.70999999999998
376,377,Adventure Works Laptop16 M1601 Silver,Adventure Works,Silver,275.46,599.0,301,Laptops,3,Computers,323.54
377,378,Adventure Works Laptop15.4W M1548 Silver,Adventure Works,Silver,348.58,758.0,301,Laptops,3,Computers,409.42
378,379,Adventure Works Laptop8.9 E0890 Silver,Adventure Works,Silver,166.2,326.0,301,Laptops,3,Computers,159.8
379,380,Adventure Works Laptop19W X1980 Red,Adventure Works,Red,430.38,1299.0,301,Laptops,3,Computers,868.62
380,381,Adventure Works Laptop15 M1501 Red,Adventure Works,Red,321.44,699.0,301,Laptops,3,Computers,377.56
381,382,Adventure Works Laptop12 M1201 Red,Adventure Works,Red,195.24,382.95,301,Laptops,3,Computers,187.70999999999998
382,383,Adventure Works Laptop16 M1601 Red,Adventure Works,Red,275.46,599.0,301,Laptops,3,Computers,323.54
383,384,Adventure Works Laptop15.4W M1548 Red,Adventure Works,Red,348.58,758.0,301,Laptops,3,Computers,409.42
384,385,Adventure Works Laptop8.9 E0890 Red,Adventure Works,Red,166.2,326.0,301,Laptops,3,Computers,159.8
385,386,Adventure Works Laptop19W X1980 Blue,Adventure Works,Blue,430.38,1299.0,301,Laptops,3,Computers,868.62
386,387,Adventure Works Laptop15 M1501 Blue,Adventure Works,Blue,321.44,699.0,301,Laptops,3,Computers,377.56
387,388,Adventure Works Laptop12 M1201 Blue,Adventure Works,Blue,195.24,382.95,301,Laptops,3,Computers,187.70999999999998
388,389,Adventure Works Laptop16 M1601 Blue,Adventure Works,Blue,275.46,599.0,301,Laptops,3,Computers,323.54
389,390,WWI Laptop19W X0196 Black,Wide World Importers,Black,430.38,1299.0,301,Laptops,3,Computers,868.62
390,391,WWI Laptop15 M0150 Black,Wide World Importers,Black,321.44,699.0,301,Laptops,3,Computers,377.56
391,392,WWI Laptop12 M0120 Black,Wide World Importers,Black,195.24,382.95,301,Laptops,3,Computers,187.70999999999998
392,393,WWI Laptop16 M0160 Black,Wide World Importers,Black,275.46,599.0,301,Laptops,3,Computers,323.54
393,394,WWI Laptop15.4W M0156 Black,Wide World Importers,Black,348.58,758.0,301,Laptops,3,Computers,409.42
394,395,WWI Laptop8.9 E0089 Black,Wide World Importers,Black,166.2,326.0,301,Laptops,3,Computers,159.8
395,396,WWI Laptop19W X0196 White,Wide World Importers,White,430.38,1299.0,301,Laptops,3,Computers,868.62
396,397,WWI Laptop15 M0150 White,Wide World Importers,White,321.44,699.0,301,Laptops,3,Computers,377.56
397,398,WWI Laptop12 M0120 White,Wide World Importers,White,195.24,382.95,301,Laptops,3,Computers,187.70999999999998
398,399,WWI Laptop16 M0160 White,Wide World Importers,White,275.46,599.0,301,Laptops,3,Computers,323.54
399,400,WWI Laptop15.4W M0156 White,Wide World Importers,White,348.58,758.0,301,Laptops,3,Computers,409.42
400,401,WWI Laptop8.9 E0089 White,Wide World Importers,White,166.2,326.0,301,Laptops,3,Computers,159.8
401,402,WWI Laptop19W X0196 Blue,Wide World Importers,Blue,430.38,1299.0,301,Laptops,3,Computers,868.62
402,403,WWI Laptop15 M0150 Blue,Wide World Importers,Blue,321.44,699.0,301,Laptops,3,Computers,377.56
403,404,Proseware Laptop19 X910 Black,Proseware,Black,430.38,1299.0,301,Laptops,3,Computers,868.62
404,405,Proseware Laptop15 M510 Black,Proseware,Black,321.44,699.0,301,Laptops,3,Computers,377.56
405,406,Proseware Laptop12 M210 Black,Proseware,Black,195.24,382.95,301,Laptops,3,Computers,187.70999999999998
406,407,Proseware Laptop16 M610 Black,Proseware,Black,275.46,599.0,301,Laptops,3,Computers,323.54
407,408,Proseware Laptop15.4W M518 Black,Proseware,Black,348.58,758.0,301,Laptops,3,Computers,409.42
408,409,Proseware Laptop8.9 E089 Black,Proseware,Black,166.2,326.0,301,Laptops,3,Computers,159.8
409,410,Proseware Laptop19W X910 White,Proseware,White,430.38,1299.0,301,Laptops,3,Computers,868.62
410,411,Proseware Laptop15 M510 White,Proseware,White,321.44,699.0,301,Laptops,3,Computers,377.56
411,412,Proseware Laptop12 M210 White,Proseware,White,195.24,382.95,301,Laptops,3,Computers,187.70999999999998
412,413,Proseware Laptop16 M610 White,Proseware,White,275.46,599.0,301,Laptops,3,Computers,323.54
413,414,Proseware Laptop15.4W M518 White,Proseware,White,348.58,758.0,301,Laptops,3,Computers,409.42
414,415,Proseware Laptop8.9 E089 White,Proseware,White,166.2,326.0,301,Laptops,3,Computers,159.8
415,416,Adventure Works Desktop PC2.33 XD233 Silver,Adventure Works,Silver,321.05,969.0,303,Desktops,3,Computers,647.95
416,417,Adventure Works Desktop PC2.30 MD230 Silver,Adventure Works,Silver,275.46,599.0,303,Desktops,3,Computers,323.54
417,418,Adventure Works Desktop PC1.60 ED160 Silver,Adventure Works,Silver,137.63,269.95,303,Desktops,3,Computers,132.32
418,419,Adventure Works Desktop PC1.80 ED180 Silver,Adventure Works,Silver,188.13,369.0,303,Desktops,3,Computers,180.87
419,420,Adventure Works Desktop PC1.80 ED182 Silver,Adventure Works,Silver,254.86,499.9,303,Desktops,3,Computers,245.03999999999996
420,421,Adventure Works Desktop PC3.0 MS300 Silver,Adventure Works,Silver,215.68,469.0,303,Desktops,3,Computers,253.32
421,422,Adventure Works Desktop PC2.33 XD233 Black,Adventure Works,Black,321.05,969.0,303,Desktops,3,Computers,647.95
422,423,Adventure Works Desktop PC2.30 MD230 Black,Adventure Works,Black,275.46,599.0,303,Desktops,3,Computers,323.54
423,424,Adventure Works Desktop PC1.60 ED160 Black,Adventure Works,Black,137.63,269.95,303,Desktops,3,Computers,132.32
424,425,Adventure Works Desktop PC1.80 ED180 Black,Adventure Works,Black,188.13,369.0,303,Desktops,3,Computers,180.87
425,426,Adventure Works Desktop PC1.80 ED182 Black,Adventure Works,Black,254.86,499.9,303,Desktops,3,Computers,245.03999999999996
426,427,Adventure Works Desktop PC3.0 MS300 Black,Adventure Works,Black,215.68,469.0,303,Desktops,3,Computers,253.32
427,428,Adventure Works Desktop PC2.33 XD233 Brown,Adventure Works,Brown,321.05,969.0,303,Desktops,3,Computers,647.95
428,429,Adventure Works Desktop PC2.30 MD230 Brown,Adventure Works,Brown,275.87,599.9,303,Desktops,3,Computers,324.03
429,430,Adventure Works Desktop PC1.60 ED160 Brown,Adventure Works,Brown,137.63,269.95,303,Desktops,3,Computers,132.32
430,431,Adventure Works Desktop PC1.80 ED180 Brown,Adventure Works,Brown,188.13,369.0,303,Desktops,3,Computers,180.87
431,432,Adventure Works Desktop PC1.80 ED182 Brown,Adventure Works,Brown,254.86,499.9,303,Desktops,3,Computers,245.03999999999996
432,433,Adventure Works Desktop PC2.33 XD233 White,Adventure Works,White,321.05,969.0,303,Desktops,3,Computers,647.95
433,434,Adventure Works Desktop PC2.30 MD230 White,Adventure Works,White,275.46,599.0,303,Desktops,3,Computers,323.54
434,435,Adventure Works Desktop PC1.60 ED160 White,Adventure Works,White,137.63,269.95,303,Desktops,3,Computers,132.32
435,436,Adventure Works Desktop PC1.80 ED180 White,Adventure Works,White,188.13,369.0,303,Desktops,3,Computers,180.87
436,437,Adventure Works Desktop PC1.80 ED182 White,Adventure Works,White,254.86,499.9,303,Desktops,3,Computers,245.03999999999996
437,438,WWI Desktop PC2.33 X2330 Silver,Wide World Importers,Silver,304.48,919.0,303,Desktops,3,Computers,614.52
438,439,WWI Desktop PC2.30 M2300 Brown,Wide World Importers,Brown,257.06,559.0,303,Desktops,3,Computers,301.94
439,440,WWI Desktop PC1.60 E1600 Silver,Wide World Importers,Silver,112.14,219.95,303,Desktops,3,Computers,107.80999999999999
440,441,WWI Desktop PC1.80 E1800 Brown,Wide World Importers,Brown,117.21,229.9,303,Desktops,3,Computers,112.69000000000001
441,442,WWI Desktop PC1.80 E1801 Silver,Wide World Importers,Silver,137.6,269.9,303,Desktops,3,Computers,132.29999999999998
442,443,WWI Desktop PC3.0 M0300 Silver,Wide World Importers,Silver,160.49,349.0,303,Desktops,3,Computers,188.51
443,444,WWI Desktop PC2.33 X2330 Black,Wide World Importers,Black,304.48,919.0,303,Desktops,3,Computers,614.52
444,445,WWI Desktop PC2.30 M2300 Black,Wide World Importers,Black,257.06,559.0,303,Desktops,3,Computers,301.94
445,446,WWI Desktop PC1.60 E1600 Black,Wide World Importers,Black,112.14,219.95,303,Desktops,3,Computers,107.80999999999999
446,447,WWI Desktop PC1.80 E1800 Black,Wide World Importers,Black,117.21,229.9,303,Desktops,3,Computers,112.69000000000001
447,448,WWI Desktop PC1.80 E1801 Black,Wide World Importers,Black,137.6,269.9,303,Desktops,3,Computers,132.29999999999998
448,449,WWI Desktop PC3.0 M0300 Black,Wide World Importers,Black,160.49,349.0,303,Desktops,3,Computers,188.51
449,450,WWI Desktop PC2.33 X2330 Brown,Wide World Importers,Brown,304.48,919.0,303,Desktops,3,Computers,614.52
450,451,WWI Desktop PC2.30 M2300 Silver,Wide World Importers,Silver,257.06,559.0,303,Desktops,3,Computers,301.94
451,452,WWI Desktop PC1.60 E1600 Red,Wide World Importers,Red,112.14,219.95,303,Desktops,3,Computers,107.80999999999999
452,453,WWI Desktop PC1.80 E1800 Silver,Wide World Importers,Silver,117.21,229.9,303,Desktops,3,Computers,112.69000000000001
453,454,WWI Desktop PC1.80 E1801 Brown,Wide World Importers,Brown,137.6,269.9,303,Desktops,3,Computers,132.29999999999998
454,455,WWI Desktop PC2.33 X2330 White,Wide World Importers,White,304.48,919.0,303,Desktops,3,Computers,614.52
455,456,WWI Desktop PC2.30 M2300 White,Wide World Importers,White,257.06,559.0,303,Desktops,3,Computers,301.94
456,457,WWI Desktop PC1.60 E1600 White,Wide World Importers,White,112.14,219.95,303,Desktops,3,Computers,107.80999999999999
457,458,WWI Desktop PC1.80 E1800 White,Wide World Importers,White,117.21,229.9,303,Desktops,3,Computers,112.69000000000001
458,459,WWI Desktop PC1.80 E1801 White,Wide World Importers,White,137.6,269.9,303,Desktops,3,Computers,132.29999999999998
459,460,WWI Desktop PC1.80 E1802 White,Wide World Importers,White,152.9,299.9,303,Desktops,3,Computers,146.99999999999997
460,461,Proseware LCD24 X300 Black,Proseware,Black,271.35,819.0,304,Monitors,3,Computers,547.65
461,462,Proseware LCD24W X300 Black,Proseware,Black,287.92,869.0,304,Monitors,3,Computers,581.0799999999999
462,463,Proseware LCD22 M2000 Black,Proseware,Black,205.09,619.0,304,Monitors,3,Computers,413.90999999999997
463,464,Proseware LCD22W M2001 Black,Proseware,Black,224.97,679.0,304,Monitors,3,Computers,454.03
464,465,Proseware LCD20 M200 Black,Proseware,Black,119.11,259.0,304,Monitors,3,Computers,139.89
465,466,Proseware LCD20W M230 Black,Proseware,Black,128.3,279.0,304,Monitors,3,Computers,150.7
466,467,Proseware LCD19 E1000 Black,Proseware,Black,63.92,139.0,304,Monitors,3,Computers,75.08
467,468,Proseware LCD19W M100 Black,Proseware,Black,82.32,179.0,304,Monitors,3,Computers,96.68
468,469,Proseware LCD17 E200 Black,Proseware,Black,50.47,99.0,304,Monitors,3,Computers,48.53
469,470,Proseware LCD17W E202 Black,Proseware,Black,65.77,129.0,304,Monitors,3,Computers,63.230000000000004
470,471,Proseware LCD15 E103 Black,Proseware,Black,50.47,99.0,304,Monitors,3,Computers,48.53
471,472,Proseware CRT19 E201 Black,Proseware,Black,35.18,69.0,304,Monitors,3,Computers,33.82
472,473,Proseware CRT17 E104 Black,Proseware,Black,30.08,59.0,304,Monitors,3,Computers,28.92
473,474,Proseware CRT15 E10 Black,Proseware,Black,24.98,49.0,304,Monitors,3,Computers,24.02
474,475,Proseware LCD24 X300 White,Proseware,White,271.35,819.0,304,Monitors,3,Computers,547.65
475,476,Proseware LCD24W X300 White,Proseware,White,287.92,869.0,304,Monitors,3,Computers,581.0799999999999
476,477,Proseware LCD22 M2000 White,Proseware,White,205.09,619.0,304,Monitors,3,Computers,413.90999999999997
477,478,Proseware LCD22W M2001 White,Proseware,White,224.97,679.0,304,Monitors,3,Computers,454.03
478,479,Proseware LCD20 M200 White,Proseware,White,119.11,259.0,304,Monitors,3,Computers,139.89
479,480,Proseware LCD20W M230 White,Proseware,White,128.3,279.0,304,Monitors,3,Computers,150.7
480,481,Proseware LCD19 E1000 White,Proseware,White,63.92,139.0,304,Monitors,3,Computers,75.08
481,482,Proseware LCD19W M100 White,Proseware,White,82.32,179.0,304,Monitors,3,Computers,96.68
482,483,Proseware LCD17 E200 White,Proseware,White,50.47,99.0,304,Monitors,3,Computers,48.53
483,484,Proseware LCD17W E202 White,Proseware,White,65.77,129.0,304,Monitors,3,Computers,63.230000000000004
484,485,Proseware LCD15 E103 White,Proseware,White,50.47,99.0,304,Monitors,3,Computers,48.53
485,486,Proseware CRT19 E201 White,Proseware,White,35.18,69.0,304,Monitors,3,Computers,33.82
486,487,Proseware CRT17 E104 White,Proseware,White,30.08,59.0,304,Monitors,3,Computers,28.92
487,488,Proseware CRT15 E10 White,Proseware,White,24.98,49.0,304,Monitors,3,Computers,24.02
488,489,Adventure Works LCD24 X300 Black,Adventure Works,Black,271.35,819.0,304,Monitors,3,Computers,547.65
489,490,Adventure Works LCD24W X300 Black,Adventure Works,Black,287.92,869.0,304,Monitors,3,Computers,581.0799999999999
490,491,Adventure Works LCD22 M200 Black,Adventure Works,Black,205.09,619.0,304,Monitors,3,Computers,413.90999999999997
491,492,Adventure Works LCD22W M200 Black,Adventure Works,Black,224.97,679.0,304,Monitors,3,Computers,454.03
492,493,Adventure Works LCD20 M210 Black,Adventure Works,Black,119.11,259.0,304,Monitors,3,Computers,139.89
493,494,Adventure Works LCD20W M240 Black,Adventure Works,Black,128.3,279.0,304,Monitors,3,Computers,150.7
494,495,Adventure Works LCD19 E108 Black,Adventure Works,Black,70.87,139.0,304,Monitors,3,Computers,68.13
495,496,Adventure Works LCD19W M100 Black,Adventure Works,Black,82.32,179.0,304,Monitors,3,Computers,96.68
496,497,Adventure Works LCD17 E200 Black,Adventure Works,Black,50.47,99.0,304,Monitors,3,Computers,48.53
497,498,Adventure Works LCD17W E203 Black,Adventure Works,Black,65.77,129.0,304,Monitors,3,Computers,63.230000000000004
498,499,Adventure Works LCD15 E100 Black,Adventure Works,Black,50.47,99.0,304,Monitors,3,Computers,48.53
499,500,Adventure Works CRT19 E10 Black,Adventure Works,Black,22.86,69.0,304,Monitors,3,Computers,46.14
500,501,Adventure Works CRT17 E105 Black,Adventure Works,Black,30.08,59.0,304,Monitors,3,Computers,28.92
501,502,Adventure Works CRT15 E101 Black,Adventure Works,Black,29.82,90.0,304,Monitors,3,Computers,60.18
502,503,Adventure Works LCD24 X300 White,Adventure Works,White,271.35,819.0,304,Monitors,3,Computers,547.65
503,504,Adventure Works LCD24W X300 White,Adventure Works,White,287.92,869.0,304,Monitors,3,Computers,581.0799999999999
504,505,Adventure Works LCD22 M200 White,Adventure Works,White,205.09,619.0,304,Monitors,3,Computers,413.90999999999997
505,506,Adventure Works LCD22W M200 White,Adventure Works,White,224.97,679.0,304,Monitors,3,Computers,454.03
506,507,Adventure Works LCD20 M210 White,Adventure Works,White,119.11,259.0,304,Monitors,3,Computers,139.89
507,508,Adventure Works LCD20W M240 White,Adventure Works,White,128.3,279.0,304,Monitors,3,Computers,150.7
508,509,Adventure Works LCD19 E108 White,Adventure Works,White,70.87,139.0,304,Monitors,3,Computers,68.13
509,510,Adventure Works LCD19W M100 White,Adventure Works,White,82.32,179.0,304,Monitors,3,Computers,96.68
510,511,Adventure Works LCD17 E200 White,Adventure Works,White,50.47,99.0,304,Monitors,3,Computers,48.53
511,512,Adventure Works LCD17W E203 White,Adventure Works,White,65.77,129.0,304,Monitors,3,Computers,63.230000000000004
512,513,Adventure Works LCD15 E100 White,Adventure Works,White,50.47,99.0,304,Monitors,3,Computers,48.53
513,514,Adventure Works CRT19 E10 White,Adventure Works,White,22.86,69.0,304,Monitors,3,Computers,46.14
514,515,Adventure Works CRT17 E105 White,Adventure Works,White,30.08,59.0,304,Monitors,3,Computers,28.92
515,516,Adventure Works CRT15 E101 White,Adventure Works,White,29.82,90.0,304,Monitors,3,Computers,60.18
516,517,WWI LCD24 X300 Black,Wide World Importers,Black,271.35,819.0,304,Monitors,3,Computers,547.65
517,518,WWI LCD24W X300 Black,Wide World Importers,Black,287.92,869.0,304,Monitors,3,Computers,581.0799999999999
518,519,WWI LCD22 M2002 Black,Wide World Importers,Black,205.09,619.0,304,Monitors,3,Computers,413.90999999999997
519,520,WWI LCD22W M2003 Black,Wide World Importers,Black,224.97,679.0,304,Monitors,3,Computers,454.03
520,521,WWI LCD20 M220 Black,Wide World Importers,Black,119.11,259.0,304,Monitors,3,Computers,139.89
521,522,WWI LCD20W M250 Black,Wide World Importers,Black,128.3,279.0,304,Monitors,3,Computers,150.7
522,523,WWI LCD19 E107 Black,Wide World Importers,Black,70.87,139.0,304,Monitors,3,Computers,68.13
523,524,WWI LCD19W M100 Black,Wide World Importers,Black,82.32,179.0,304,Monitors,3,Computers,96.68
524,525,WWI LCD17 E200 Black,Wide World Importers,Black,50.47,99.0,304,Monitors,3,Computers,48.53
525,526,WWI LCD17W E200 Black,Wide World Importers,Black,65.77,129.0,304,Monitors,3,Computers,63.230000000000004
526,527,WWI CRT17 E106 Black,Wide World Importers,Black,50.47,99.0,304,Monitors,3,Computers,48.53
527,528,WWI LCD24 X300 White,Wide World Importers,White,271.35,819.0,304,Monitors,3,Computers,547.65
528,529,WWI LCD24W X300 White,Wide World Importers,White,287.92,869.0,304,Monitors,3,Computers,581.0799999999999
529,530,WWI LCD22 M2002 White,Wide World Importers,White,205.09,619.0,304,Monitors,3,Computers,413.90999999999997
530,531,WWI LCD22W M2003 White,Wide World Importers,White,224.97,679.0,304,Monitors,3,Computers,454.03
531,532,WWI LCD20 M220 White,Wide World Importers,White,119.11,259.0,304,Monitors,3,Computers,139.89
532,533,WWI LCD20W M250 White,Wide World Importers,White,128.3,279.0,304,Monitors,3,Computers,150.7
533,534,WWI LCD19 E107 White,Wide World Importers,White,70.87,139.0,304,Monitors,3,Computers,68.13
534,535,WWI LCD19W M100 White,Wide World Importers,White,82.32,179.0,304,Monitors,3,Computers,96.68
535,536,WWI LCD17 E205 White,Wide World Importers,White,50.47,99.0,304,Monitors,3,Computers,48.53
536,537,WWI LCD17W E200 White,Wide World Importers,White,65.77,129.0,304,Monitors,3,Computers,63.230000000000004
537,538,WWI CRT17 E106 White,Wide World Importers,White,50.47,99.0,304,Monitors,3,Computers,48.53
538,539,Proseware Projector 1080p LCD86 Black,Proseware,Black,760.38,2295.0,305,Projectors & Screens,3,Computers,1534.62
539,540,Proseware Projector 1080p DLP86 Black,Proseware,Black,827.97,2499.0,305,Projectors & Screens,3,Computers,1671.03
540,541,Proseware Projector 720p LCD56 Black,Proseware,Black,321.44,699.0,305,Projectors & Screens,3,Computers,377.56
541,542,Proseware Projector 720p DLP56 Black,Proseware,Black,459.4,999.0,305,Projectors & Screens,3,Computers,539.6
542,543,Proseware Projector 480p LCD12 Black,Proseware,Black,116.75,229.0,305,Projectors & Screens,3,Computers,112.25
543,544,Proseware Projector 480p DLP12 Black,Proseware,Black,254.4,499.0,305,Projectors & Screens,3,Computers,244.6
544,545,Proseware Screen 125in X1609 Black,Proseware,Black,152.08,459.0,305,Projectors & Screens,3,Computers,306.91999999999996
545,546,Proseware Screen 113in X1609 Black,Proseware,Black,99.06,299.0,305,Projectors & Screens,3,Computers,199.94
546,547,Proseware Screen 106in M1609 Black,Proseware,Black,115.43,251.0,305,Projectors & Screens,3,Computers,135.57
547,548,Proseware Screen 100in M1609 Black,Proseware,Black,87.37,190.0,305,Projectors & Screens,3,Computers,102.63
548,549,Proseware Screen 85in E1010 Black,Proseware,Black,70.87,139.0,305,Projectors & Screens,3,Computers,68.13
549,550,Proseware Screen 80in E1010 Black,Proseware,Black,55.57,109.0,305,Projectors & Screens,3,Computers,53.43
550,551,Proseware Projector 1080p LCD86 White,Proseware,White,760.38,2295.0,305,Projectors & Screens,3,Computers,1534.62
551,552,Proseware Projector 1080p DLP86 White,Proseware,White,827.97,2499.0,305,Projectors & Screens,3,Computers,1671.03
552,553,Proseware Projector 720p LCD56 White,Proseware,White,321.44,699.0,305,Projectors & Screens,3,Computers,377.56
553,554,Proseware Projector 720p DLP56 White,Proseware,White,459.4,999.0,305,Projectors & Screens,3,Computers,539.6
554,555,Proseware Projector 480p LCD12 White,Proseware,White,116.75,229.0,305,Projectors & Screens,3,Computers,112.25
555,556,Proseware Projector 480p DLP12 White,Proseware,White,254.4,499.0,305,Projectors & Screens,3,Computers,244.6
556,557,Proseware Screen 125in X1609 White,Proseware,White,152.08,459.0,305,Projectors & Screens,3,Computers,306.91999999999996
557,558,Proseware Screen 113in X1609 White,Proseware,White,99.06,299.0,305,Projectors & Screens,3,Computers,199.94
558,559,Proseware Screen 106in M1609 White,Proseware,White,115.43,251.0,305,Projectors & Screens,3,Computers,135.57
559,560,Proseware Screen 100in M1609 White,Proseware,White,87.37,190.0,305,Projectors & Screens,3,Computers,102.63
560,561,Proseware Screen 85in E1010 White,Proseware,White,70.87,139.0,305,Projectors & Screens,3,Computers,68.13
561,562,Proseware Screen 80in E1010 White,Proseware,White,55.57,109.0,305,Projectors & Screens,3,Computers,53.43
562,563,Proseware Projector 1080p LCD86 Silver,Proseware,Silver,760.38,2295.0,305,Projectors & Screens,3,Computers,1534.62
563,564,Proseware Projector 1080p DLP86 Silver,Proseware,Silver,827.97,2499.0,305,Projectors & Screens,3,Computers,1671.03
564,565,Proseware Projector 720p LCD56 Silver,Proseware,Silver,321.44,699.0,305,Projectors & Screens,3,Computers,377.56
565,566,Proseware Projector 720p DLP56 Silver,Proseware,Silver,459.4,999.0,305,Projectors & Screens,3,Computers,539.6
566,567,Proseware Projector 480p LCD12 Silver,Proseware,Silver,116.75,229.0,305,Projectors & Screens,3,Computers,112.25
567,568,Proseware Projector 480p DLP12 Silver,Proseware,Silver,254.4,499.0,305,Projectors & Screens,3,Computers,244.6
568,569,Proseware Screen 125in X1609 Silver,Proseware,Silver,152.08,459.0,305,Projectors & Screens,3,Computers,306.91999999999996
569,570,Proseware Screen 113in X1609 Silver,Proseware,Silver,99.06,299.0,305,Projectors & Screens,3,Computers,199.94
570,571,Proseware Screen 106in M1609 Silver,Proseware,Silver,115.43,251.0,305,Projectors & Screens,3,Computers,135.57
571,572,Proseware Screen 100in M1609 Silver,Proseware,Silver,87.37,190.0,305,Projectors & Screens,3,Computers,102.63
572,573,Proseware Screen 85in E1010 Silver,Proseware,Silver,70.87,139.0,305,Projectors & Screens,3,Computers,68.13
573,574,Proseware Screen 80in E1010 Silver,Proseware,Silver,55.57,109.0,305,Projectors & Screens,3,Computers,53.43
574,575,Contoso Projector 1080p X980 Black,Contoso,Black,760.38,2295.0,305,Projectors & Screens,3,Computers,1534.62
575,576,Contoso Projector 1080p X981 Black,Contoso,Black,827.97,2499.0,305,Projectors & Screens,3,Computers,1671.03
576,577,Contoso Projector 720p M620 Black,Contoso,Black,321.44,699.0,305,Projectors & Screens,3,Computers,377.56
577,578,Contoso Projector 720p M621 Black,Contoso,Black,459.4,999.0,305,Projectors & Screens,3,Computers,539.6
578,579,Contoso Projector 480p M480 Black,Contoso,Black,116.75,229.0,305,Projectors & Screens,3,Computers,112.25
579,580,Contoso Projector 480p M481 Black,Contoso,Black,254.4,499.0,305,Projectors & Screens,3,Computers,244.6
580,581,Contoso Screen 125in M250 Black,Contoso,Black,152.08,459.0,305,Projectors & Screens,3,Computers,306.91999999999996
581,582,Contoso Screen 113in M251 Black,Contoso,Black,137.5,299.0,305,Projectors & Screens,3,Computers,161.5
582,583,Contoso Screen 106in M060 Black,Contoso,Black,83.16,251.0,305,Projectors & Screens,3,Computers,167.84
583,584,Contoso Screen 100in E010 Black,Contoso,Black,62.95,190.0,305,Projectors & Screens,3,Computers,127.05
584,585,Contoso Screen 85in E085 Black,Contoso,Black,70.87,139.0,305,Projectors & Screens,3,Computers,68.13
585,586,Contoso Screen 80in E080 Black,Contoso,Black,55.57,109.0,305,Projectors & Screens,3,Computers,53.43
586,587,Contoso Projector 1080p X980 White,Contoso,White,760.38,2295.0,305,Projectors & Screens,3,Computers,1534.62
587,588,Contoso Projector 1080p X981 White,Contoso,White,827.97,2499.0,305,Projectors & Screens,3,Computers,1671.03
588,589,Contoso Projector 720p M620 White,Contoso,White,321.44,699.0,305,Projectors & Screens,3,Computers,377.56
589,590,Contoso Projector 720p M621 White,Contoso,White,459.4,999.0,305,Projectors & Screens,3,Computers,539.6
590,591,Contoso Projector 480p M480 White,Contoso,White,116.75,229.0,305,Projectors & Screens,3,Computers,112.25
591,592,Contoso Projector 480p M481 White,Contoso,White,254.4,499.0,305,Projectors & Screens,3,Computers,244.6
592,593,Contoso Screen 125in M250 White,Contoso,White,152.08,459.0,305,Projectors & Screens,3,Computers,306.91999999999996
593,594,Contoso Screen 113in M251 White,Contoso,White,137.5,299.0,305,Projectors & Screens,3,Computers,161.5
594,595,Contoso Screen 106in M060 White,Contoso,White,83.16,251.0,305,Projectors & Screens,3,Computers,167.84
595,596,Contoso Screen 100in E010 White,Contoso,White,62.95,190.0,305,Projectors & Screens,3,Computers,127.05
596,597,Contoso Screen 85in E085 White,Contoso,White,70.87,139.0,305,Projectors & Screens,3,Computers,68.13
597,598,Contoso Screen 80in E080 White,Contoso,White,55.57,109.0,305,Projectors & Screens,3,Computers,53.43
598,599,Contoso Projector 1080p X980 Silver,Contoso,Silver,760.38,2295.0,305,Projectors & Screens,3,Computers,1534.62
599,600,Contoso Projector 1080p X981 Silver,Contoso,Silver,827.97,2499.0,305,Projectors & Screens,3,Computers,1671.03
600,601,Contoso Projector 720p M620 Silver,Contoso,Silver,321.44,699.0,305,Projectors & Screens,3,Computers,377.56
601,602,Contoso Projector 720p M621 Silver,Contoso,Silver,459.4,999.0,305,Projectors & Screens,3,Computers,539.6
602,603,Contoso Projector 480p M480 Silver,Contoso,Silver,116.75,229.0,305,Projectors & Screens,3,Computers,112.25
603,604,Contoso Projector 480p M481 Silver,Contoso,Silver,254.4,499.0,305,Projectors & Screens,3,Computers,244.6
604,605,Contoso Screen 125in M250 Silver,Contoso,Silver,152.08,459.0,305,Projectors & Screens,3,Computers,306.91999999999996
605,606,Contoso Screen 113in M251 Silver,Contoso,Silver,137.5,299.0,305,Projectors & Screens,3,Computers,161.5
606,607,Contoso Screen 106in M060 Silver,Contoso,Silver,83.16,251.0,305,Projectors & Screens,3,Computers,167.84
607,608,Contoso Screen 100in E010 Silver,Contoso,Silver,62.95,190.0,305,Projectors & Screens,3,Computers,127.05
608,609,Contoso Screen 85in E085 Silver,Contoso,Silver,70.87,139.0,305,Projectors & Screens,3,Computers,68.13
609,610,Contoso Screen 80in E080 Silver,Contoso,Silver,55.57,109.0,305,Projectors & Screens,3,Computers,53.43
610,611,WWI Projector 1080p LCD86 Black,Wide World Importers,Black,760.38,2295.0,305,Projectors & Screens,3,Computers,1534.62
611,612,WWI Projector 1080p DLP86 Black,Wide World Importers,Black,827.97,2499.0,305,Projectors & Screens,3,Computers,1671.03
612,613,WWI Projector 720p LCD56 Black,Wide World Importers,Black,321.44,699.0,305,Projectors & Screens,3,Computers,377.56
613,614,WWI Projector 720p DLP56 Black,Wide World Importers,Black,459.4,999.0,305,Projectors & Screens,3,Computers,539.6
614,615,WWI Projector 480p LCD12 Black,Wide World Importers,Black,116.75,229.0,305,Projectors & Screens,3,Computers,112.25
615,616,WWI Projector 480p DLP12 Black,Wide World Importers,Black,254.4,499.0,305,Projectors & Screens,3,Computers,244.6
616,617,WWI Screen 125in M1611 Black,Wide World Importers,Black,152.08,459.0,305,Projectors & Screens,3,Computers,306.91999999999996
617,618,WWI Screen 113in M1610 Black,Wide World Importers,Black,99.06,299.0,305,Projectors & Screens,3,Computers,199.94
618,619,WWI Screen 106in M1609 Black,Wide World Importers,Black,115.43,251.0,305,Projectors & Screens,3,Computers,135.57
619,620,WWI Screen 100in M1609 Black,Wide World Importers,Black,87.37,190.0,305,Projectors & Screens,3,Computers,102.63
620,621,WWI Screen 85in E1010 Black,Wide World Importers,Black,70.87,139.0,305,Projectors & Screens,3,Computers,68.13
621,622,WWI Projector 1080p LCD86 White,Wide World Importers,White,760.38,2295.0,305,Projectors & Screens,3,Computers,1534.62
622,623,WWI Projector 1080p DLP86 White,Wide World Importers,White,827.97,2499.0,305,Projectors & Screens,3,Computers,1671.03
623,624,WWI Projector 720p LCD56 White,Wide World Importers,White,321.44,699.0,305,Projectors & Screens,3,Computers,377.56
624,625,WWI Projector 720p DLP56 White,Wide World Importers,White,459.4,999.0,305,Projectors & Screens,3,Computers,539.6
625,626,WWI Projector 480p LCD12 White,Wide World Importers,White,116.75,229.0,305,Projectors & Screens,3,Computers,112.25
626,627,WWI Projector 480p DLP12 White,Wide World Importers,White,254.4,499.0,305,Projectors & Screens,3,Computers,244.6
627,628,WWI Screen 125in M1611 White,Wide World Importers,White,152.08,459.0,305,Projectors & Screens,3,Computers,306.91999999999996
628,629,WWI Screen 113in M1610 White,Wide World Importers,White,99.06,299.0,305,Projectors & Screens,3,Computers,199.94
629,630,WWI Screen 106in M1609 White,Wide World Importers,White,115.43,251.0,305,Projectors & Screens,3,Computers,135.57
630,631,WWI Screen 100in M1609 White,Wide World Importers,White,87.37,190.0,305,Projectors & Screens,3,Computers,102.63
631,632,WWI Screen 85in E1010 White,Wide World Importers,White,70.87,139.0,305,Projectors & Screens,3,Computers,68.13
632,633,WWI Projector 1080p LCD86 Silver,Wide World Importers,Silver,760.38,2295.0,305,Projectors & Screens,3,Computers,1534.62
633,634,WWI Projector 1080p DLP86 Silver,Wide World Importers,Silver,827.97,2499.0,305,Projectors & Screens,3,Computers,1671.03
634,635,WWI Projector 720p LCD56 Silver,Wide World Importers,Silver,321.44,699.0,305,Projectors & Screens,3,Computers,377.56
635,636,WWI Projector 720p DLP56 Silver,Wide World Importers,Silver,459.4,999.0,305,Projectors & Screens,3,Computers,539.6
636,637,WWI Projector 480p LCD12 Silver,Wide World Importers,Silver,116.75,229.0,305,Projectors & Screens,3,Computers,112.25
637,638,WWI Projector 480p DLP12 Silver,Wide World Importers,Silver,254.4,499.0,305,Projectors & Screens,3,Computers,244.6
638,639,WWI Screen 125in M1611 Silver,Wide World Importers,Silver,152.08,459.0,305,Projectors & Screens,3,Computers,306.91999999999996
639,640,WWI Screen 113in M1610 Silver,Wide World Importers,Silver,99.06,299.0,305,Projectors & Screens,3,Computers,199.94
640,641,WWI Screen 106in M1609 Silver,Wide World Importers,Silver,115.43,251.0,305,Projectors & Screens,3,Computers,135.57
641,642,Proseware Photo Ink Jet Printer M100 Black,Proseware,Black,73.12,159.0,306,"Printers, Scanners & Fax",3,Computers,85.88
642,643,Proseware Ink Jet All in one M300 Black,Proseware,Black,77.72,169.0,306,"Printers, Scanners & Fax",3,Computers,91.28
643,644,Proseware Laser Jet Printer E100 Black,Proseware,Black,40.28,79.0,306,"Printers, Scanners & Fax",3,Computers,38.72
644,645,Proseware Laser Jet Color Printer X300 Black,Proseware,Black,69.25,209.0,306,"Printers, Scanners & Fax",3,Computers,139.75
645,646,Proseware Laser Jet All in one X300 Black,Proseware,Black,72.56,219.0,306,"Printers, Scanners & Fax",3,Computers,146.44
646,647,Proseware Fax phone E100 Black,Proseware,Black,44.36,87.0,306,"Printers, Scanners & Fax",3,Computers,42.64
647,648,Proseware Fax Machine E100 Black,Proseware,Black,40.28,79.0,306,"Printers, Scanners & Fax",3,Computers,38.72
648,649,Proseware Laser Fax Printer E100 Black,Proseware,Black,46.39,91.0,306,"Printers, Scanners & Fax",3,Computers,44.61
649,650,Proseware Ink Jet Fax Machine E100 Black,Proseware,Black,39.77,78.0,306,"Printers, Scanners & Fax",3,Computers,38.23
650,651,Proseware Mobile Receipt and Document Scanner M200 Black,Proseware,Black,53.34,116.0,306,"Printers, Scanners & Fax",3,Computers,62.66
651,652,Proseware Scan Jet Digital Flat Bed Scanner M300 Black,Proseware,Black,55.64,121.0,306,"Printers, Scanners & Fax",3,Computers,65.36
652,653,Proseware All-In-One Photo Printer M200 Black,Proseware,Black,62.54,136.0,306,"Printers, Scanners & Fax",3,Computers,73.46000000000001
653,654,Proseware Ink Jet Wireless All-In-One Printer M400 Black,Proseware,Black,59.32,129.0,306,"Printers, Scanners & Fax",3,Computers,69.68
654,655,Proseware Ink Jet Instant PDF Sheet-Fed Scanner M300 Black,Proseware,Black,73.58,160.0,306,"Printers, Scanners & Fax",3,Computers,86.42
655,656,"Proseware Desk Jet All-in-One Printer, Scanner, Copier M350 Black",Proseware,Black,72.66,158.0,306,"Printers, Scanners & Fax",3,Computers,85.34
656,657,Proseware Duplex Scanner M200 Black,Proseware,Black,68.52,149.0,306,"Printers, Scanners & Fax",3,Computers,80.48
657,658,Proseware High Speed Laser M2000 Black,Proseware,Black,69.25,209.0,306,"Printers, Scanners & Fax",3,Computers,139.75
658,659,Proseware Laser Fax Printer M250 Black,Proseware,Black,54.26,118.0,306,"Printers, Scanners & Fax",3,Computers,63.74
659,660,"Proseware Color Ink Jet Fax, Copier, Phone M250 Black",Proseware,Black,73.12,159.0,306,"Printers, Scanners & Fax",3,Computers,85.88
660,661,Proseware Color Inkjet Fax with 5.8 GHz Cordless Handset X250 Black,Proseware,Black,75.54,228.0,306,"Printers, Scanners & Fax",3,Computers,152.45999999999998
661,662,Proseware Slim-Design Fax Machine with Answering System X180 Black,Proseware,Black,78.19,236.0,306,"Printers, Scanners & Fax",3,Computers,157.81
662,663,Proseware High-Performance Business-Class Laser Fax X200 Black,Proseware,Black,82.17,248.0,306,"Printers, Scanners & Fax",3,Computers,165.82999999999998
663,664,Proseware Professional Quality Plain-Paper Fax and Copier X100 Black,Proseware,Black,75.87,229.0,306,"Printers, Scanners & Fax",3,Computers,153.13
664,665,Proseware Photo Inkjet Printer E290 Black,Proseware,Black,52.0,102.0,306,"Printers, Scanners & Fax",3,Computers,50.0
665,666,Proseware Office Jet All-in-One Printer M500 Black,Proseware,Black,74.96,163.0,306,"Printers, Scanners & Fax",3,Computers,88.04
666,667,Proseware Office Jet Wireless All-in-One Inkjet Printer M600 Black,Proseware,Black,87.37,190.0,306,"Printers, Scanners & Fax",3,Computers,102.63
667,668,Proseware Photo smart All-in-One Printer M380 Black,Proseware,Black,67.6,147.0,306,"Printers, Scanners & Fax",3,Computers,79.4
668,669,Proseware Wireless Photo All-in-One Printer M390 Black,Proseware,Black,86.45,188.0,306,"Printers, Scanners & Fax",3,Computers,101.55
669,670,Proseware 23ppm Laser Printer with Wireless and Wired Network Interfaces M680 Black,Proseware,Black,90.13,196.0,306,"Printers, Scanners & Fax",3,Computers,105.87
670,671,Proseware Photo Inkjet Printer M100 Grey,Proseware,Grey,73.12,159.0,306,"Printers, Scanners & Fax",3,Computers,85.88
671,672,Proseware Ink Jet All in one M300 Grey,Proseware,Grey,77.72,169.0,306,"Printers, Scanners & Fax",3,Computers,91.28
672,673,Proseware Laser Jet Printer E100 Grey,Proseware,Grey,40.28,79.0,306,"Printers, Scanners & Fax",3,Computers,38.72
673,674,Proseware Laser Jet Color Printer X300 Grey,Proseware,Grey,69.25,209.0,306,"Printers, Scanners & Fax",3,Computers,139.75
674,675,Proseware Laser Jet All in one X300 Grey,Proseware,Grey,72.56,219.0,306,"Printers, Scanners & Fax",3,Computers,146.44
675,676,Proseware Fax phone E100 Grey,Proseware,Grey,44.36,87.0,306,"Printers, Scanners & Fax",3,Computers,42.64
676,677,Proseware Fax Machine E100 Grey,Proseware,Grey,40.28,79.0,306,"Printers, Scanners & Fax",3,Computers,38.72
677,678,Proseware Laser Fax Printer E100 Grey,Proseware,Grey,46.39,91.0,306,"Printers, Scanners & Fax",3,Computers,44.61
678,679,Proseware Ink Jet Fax Machine E100 Grey,Proseware,Grey,39.77,78.0,306,"Printers, Scanners & Fax",3,Computers,38.23
679,680,Proseware Mobile Receipt and Document Scanner M200 Grey,Proseware,Grey,53.34,116.0,306,"Printers, Scanners & Fax",3,Computers,62.66
680,681,Proseware Scan Jet Digital Flat Bed Scanner M300 Grey,Proseware,Grey,55.64,121.0,306,"Printers, Scanners & Fax",3,Computers,65.36
681,682,Proseware All-In-One Photo Printer M200 Grey,Proseware,Grey,62.54,136.0,306,"Printers, Scanners & Fax",3,Computers,73.46000000000001
682,683,Proseware Ink Jet Wireless All-In-One Printer M400 Grey,Proseware,Grey,59.32,129.0,306,"Printers, Scanners & Fax",3,Computers,69.68
683,684,Proseware Ink Jet Instant PDF Sheet-Fed Scanner M300 Grey,Proseware,Grey,73.58,160.0,306,"Printers, Scanners & Fax",3,Computers,86.42
684,685,"Proseware Desk Jet All-in-One Printer, Scanner, Copier M350 Grey",Proseware,Grey,72.66,158.0,306,"Printers, Scanners & Fax",3,Computers,85.34
685,686,Proseware Duplex Scanner M200 Grey,Proseware,Grey,68.52,149.0,306,"Printers, Scanners & Fax",3,Computers,80.48
686,687,Proseware High Speed Laser Fax M2000 Grey,Proseware,Grey,69.25,209.0,306,"Printers, Scanners & Fax",3,Computers,139.75
687,688,Proseware Laser Fax Printer M250 Grey,Proseware,Grey,54.26,118.0,306,"Printers, Scanners & Fax",3,Computers,63.74
688,689,"Proseware Color Ink Jet Fax, Copier, Phone M250 Grey",Proseware,Grey,73.12,159.0,306,"Printers, Scanners & Fax",3,Computers,85.88
689,690,Proseware Color Ink Jet Fax with 5.8 GHz Cordless Handset X250 Grey,Proseware,Grey,75.54,228.0,306,"Printers, Scanners & Fax",3,Computers,152.45999999999998
690,691,Proseware Slim-Design Fax Machine with Answering System X180 Grey,Proseware,Grey,78.19,236.0,306,"Printers, Scanners & Fax",3,Computers,157.81
691,692,Proseware High-Performance Business-Class Laser Fax X200 Grey,Proseware,Grey,82.17,248.0,306,"Printers, Scanners & Fax",3,Computers,165.82999999999998
692,693,Proseware Professional Quality Plain-Paper Fax and Copier X100 Grey,Proseware,Grey,75.87,229.0,306,"Printers, Scanners & Fax",3,Computers,153.13
693,694,Proseware Photo Ink Jet Printer E290 Grey,Proseware,Grey,52.0,102.0,306,"Printers, Scanners & Fax",3,Computers,50.0
694,695,Proseware Office Jet All-in-One Printer M500 Grey,Proseware,Grey,74.96,163.0,306,"Printers, Scanners & Fax",3,Computers,88.04
695,696,Proseware Office Jet Wireless All-in-One Inkjet Printer M600 Grey,Proseware,Grey,87.37,190.0,306,"Printers, Scanners & Fax",3,Computers,102.63
696,697,Proseware Photo Smart All-in-One Printer M380 Grey,Proseware,Grey,67.6,147.0,306,"Printers, Scanners & Fax",3,Computers,79.4
697,698,Proseware Wireless Photo All-in-One Printer M390 Grey,Proseware,Grey,86.45,188.0,306,"Printers, Scanners & Fax",3,Computers,101.55
698,699,Proseware 23ppm Laser Printer with Wireless and Wired Network Interfaces M680 Grey,Proseware,Grey,90.13,196.0,306,"Printers, Scanners & Fax",3,Computers,105.87
699,700,Proseware Photo Ink Jet Printer M100 White,Proseware,White,73.12,159.0,306,"Printers, Scanners & Fax",3,Computers,85.88
700,701,Proseware Ink Jet All in one M300 White,Proseware,White,77.72,169.0,306,"Printers, Scanners & Fax",3,Computers,91.28
701,702,Proseware Laser Jet Printer E100 White,Proseware,White,40.28,79.0,306,"Printers, Scanners & Fax",3,Computers,38.72
702,703,Proseware Laser Jet Color Printer X300 White,Proseware,White,69.25,209.0,306,"Printers, Scanners & Fax",3,Computers,139.75
703,704,Proseware Laser Jet All in one X300 White,Proseware,White,72.56,219.0,306,"Printers, Scanners & Fax",3,Computers,146.44
704,705,Proseware Fax Phone E100 White,Proseware,White,44.36,87.0,306,"Printers, Scanners & Fax",3,Computers,42.64
705,706,Proseware Fax Machine E100 White,Proseware,White,40.28,79.0,306,"Printers, Scanners & Fax",3,Computers,38.72
706,707,Proseware Laser Fax Printer E100 White,Proseware,White,46.39,91.0,306,"Printers, Scanners & Fax",3,Computers,44.61
707,708,Proseware Ink Jet Fax Machine E100 White,Proseware,White,39.77,78.0,306,"Printers, Scanners & Fax",3,Computers,38.23
708,709,Proseware Mobile Receipt and Document Scanner M200 White,Proseware,White,53.34,116.0,306,"Printers, Scanners & Fax",3,Computers,62.66
709,710,Proseware Scan Jet Digital Flat Bed Scanner M300 White,Proseware,White,55.64,121.0,306,"Printers, Scanners & Fax",3,Computers,65.36
710,711,Proseware All-In-One Photo Printer M200 White,Proseware,White,62.54,136.0,306,"Printers, Scanners & Fax",3,Computers,73.46000000000001
711,712,Proseware Ink Jet Wireless All-In-One Printer M400 White,Proseware,White,59.32,129.0,306,"Printers, Scanners & Fax",3,Computers,69.68
712,713,Proseware Ink Jet Instant PDF Sheet-Fed Scanner M300 White,Proseware,White,73.58,160.0,306,"Printers, Scanners & Fax",3,Computers,86.42
713,714,"Proseware Desk Jet All-in-One Printer, Scanner, Copier M350 White",Proseware,White,72.66,158.0,306,"Printers, Scanners & Fax",3,Computers,85.34
714,715,Proseware Duplex Scanner M200 White,Proseware,White,68.52,149.0,306,"Printers, Scanners & Fax",3,Computers,80.48
715,716,Proseware High Speed Laser M2000 White,Proseware,White,69.25,209.0,306,"Printers, Scanners & Fax",3,Computers,139.75
716,717,Proseware Laser Fax Printer M250 White,Proseware,White,54.26,118.0,306,"Printers, Scanners & Fax",3,Computers,63.74
717,718,"Proseware Color Ink jet Fax, Copier, Phone M250 White",Proseware,White,73.12,159.0,306,"Printers, Scanners & Fax",3,Computers,85.88
718,719,Proseware Color Ink Jet Fax with 5.8 GHz Cordless Handset X250 White,Proseware,White,75.54,228.0,306,"Printers, Scanners & Fax",3,Computers,152.45999999999998
719,720,Proseware Slim-Design Fax Machine with Answering System X180 White,Proseware,White,78.19,236.0,306,"Printers, Scanners & Fax",3,Computers,157.81
720,721,Proseware High-Performance Business-Class Laser Fax X200 White,Proseware,White,82.17,248.0,306,"Printers, Scanners & Fax",3,Computers,165.82999999999998
721,722,Proseware Professional Quality Plain-Paper Fax and Copier X100 White,Proseware,White,75.87,229.0,306,"Printers, Scanners & Fax",3,Computers,153.13
722,723,Proseware Photo Ink jet Printer E290 White,Proseware,White,52.0,102.0,306,"Printers, Scanners & Fax",3,Computers,50.0
723,724,Proseware Office Jet All-in-One Printer M500 White,Proseware,White,74.96,163.0,306,"Printers, Scanners & Fax",3,Computers,88.04
724,725,Proseware Office Jet Wireless All-in-One Inkjet Printer M600 White,Proseware,White,87.37,190.0,306,"Printers, Scanners & Fax",3,Computers,102.63
725,726,Proseware Photo Smart All-in-One Printer M380 White,Proseware,White,67.6,147.0,306,"Printers, Scanners & Fax",3,Computers,79.4
726,727,Proseware Wireless Photo All-in-One Printer M390 White,Proseware,White,86.45,188.0,306,"Printers, Scanners & Fax",3,Computers,101.55
727,728,Proseware 23ppm Laser Printer with Wireless and Wired Network Interfaces M680 White,Proseware,White,90.13,196.0,306,"Printers, Scanners & Fax",3,Computers,105.87
728,729,Proseware Scan Jet Digital Flat Bed Scanner M300 Green,Proseware,Green,55.64,121.0,306,"Printers, Scanners & Fax",3,Computers,65.36
729,730,Proseware All-In-One Photo Printer M200 Green,Proseware,Green,62.54,136.0,306,"Printers, Scanners & Fax",3,Computers,73.46000000000001
730,731,Proseware Ink Jet Wireless All-In-One Printer M400 Green,Proseware,Green,59.32,129.0,306,"Printers, Scanners & Fax",3,Computers,69.68
731,732,Proseware Ink Jet Instant PDF Sheet-Fed Scanner M300 Green,Proseware,Green,73.58,160.0,306,"Printers, Scanners & Fax",3,Computers,86.42
732,733,"Proseware Desk Jet All-in-One Printer, Scanner, Copier M350 Green",Proseware,Green,72.66,158.0,306,"Printers, Scanners & Fax",3,Computers,85.34
733,734,Proseware Duplex Scanner M200 Green,Proseware,Green,68.52,149.0,306,"Printers, Scanners & Fax",3,Computers,80.48
734,735,Proseware High Speed Laser M2000 Green,Proseware,Green,69.25,209.0,306,"Printers, Scanners & Fax",3,Computers,139.75
735,736,Proseware Laser Fax Printer M250 Green,Proseware,Green,54.26,118.0,306,"Printers, Scanners & Fax",3,Computers,63.74
736,737,"Proseware Color Ink Jet Fax, Copier, Phone M250 Green",Proseware,Green,73.12,159.0,306,"Printers, Scanners & Fax",3,Computers,85.88
737,738,Proseware Color Ink Jet Fax with 5.8 GHz Cordless Handset X250 Green,Proseware,Green,75.54,228.0,306,"Printers, Scanners & Fax",3,Computers,152.45999999999998
738,739,Proseware Slim-Design Fax Machine with Answering System X180 Green,Proseware,Green,78.19,236.0,306,"Printers, Scanners & Fax",3,Computers,157.81
739,740,Proseware High-Performance Business-Class Laser Fax X200 Green,Proseware,Green,82.17,248.0,306,"Printers, Scanners & Fax",3,Computers,165.82999999999998
740,741,Proseware Professional Quality Plain-Paper Fax and Copier X100 Green,Proseware,Green,75.87,229.0,306,"Printers, Scanners & Fax",3,Computers,153.13
741,742,Proseware Photo Inkjet Printer E290 Green,Proseware,Green,52.0,102.0,306,"Printers, Scanners & Fax",3,Computers,50.0
742,743,Contoso Rechargeable Battery E100 Black,Contoso,Black,6.6,12.95,308,Computers Accessories,3,Computers,6.35
743,744,Contoso Dual USB Power Adapter - power adapter E300 Black,Contoso,Black,20.34,39.9,308,Computers Accessories,3,Computers,19.56
744,745,Contoso Car power adapter M90 Black,Contoso,Black,9.17,19.95,308,Computers Accessories,3,Computers,10.78
745,746,Contoso Notebook Peripheral Kit M69 Black,Contoso,Black,7.59,16.5,308,Computers Accessories,3,Computers,8.91
746,747,Contoso Mouse Lock Bundle E200 Black,Contoso,Black,6.6,12.95,308,Computers Accessories,3,Computers,6.35
747,748,Contoso Education Supplies Bundle E200 Black,Contoso,Black,6.88,13.5,308,Computers Accessories,3,Computers,6.62
748,749,Contoso Laptop Starter Bundle M200 Black,Contoso,Black,7.59,16.5,308,Computers Accessories,3,Computers,8.91
749,750,Contoso Education Essentials Bundle M300 Black,Contoso,Black,4.37,9.5,308,Computers Accessories,3,Computers,5.13
750,751,Contoso Desktop Alternative Bundle E200 Black,Contoso,Black,5.86,11.5,308,Computers Accessories,3,Computers,5.64
751,752,Contoso Power Inverter - DC to AC power inverter E900 Black,Contoso,Black,4.84,9.5,308,Computers Accessories,3,Computers,4.66
752,753,Contoso Smart Battery M901 Black,Contoso,Black,5.29,11.5,308,Computers Accessories,3,Computers,6.21
753,754,Contoso Laptop Cooling Hub notebook fan with 4 ports USB hub E80 Black,Contoso,Black,15.24,29.9,308,Computers Accessories,3,Computers,14.659999999999998
754,755,Contoso Home/Office Laptop Power Adapter E300 Black,Contoso,Black,13.0,25.5,308,Computers Accessories,3,Computers,12.5
755,756,Contoso USB 2.0 Dock Station docking station M800 Black,Contoso,Black,13.75,29.9,308,Computers Accessories,3,Computers,16.15
756,757,Contoso Enhanced Capacity Battery M800 Black,Contoso,Black,12.83,27.9,308,Computers Accessories,3,Computers,15.069999999999999
757,758,Contoso Connectivity Starter Kit Smart Buy M680 Black,Contoso,Black,12.83,27.9,308,Computers Accessories,3,Computers,15.069999999999999
758,759,Contoso 90W AC/DC Power Adapter E300 Black,Contoso,Black,6.07,11.9,308,Computers Accessories,3,Computers,5.83
759,760,Contoso Reserve Pen - Tablet Pen E200 Black,Contoso,Black,7.09,13.9,308,Computers Accessories,3,Computers,6.8100000000000005
760,761,Contoso USB Data Link-direct connect adapter E600 Black,Contoso,Black,8.62,16.9,308,Computers Accessories,3,Computers,8.28
761,762,Contoso Primary Extended Capacity Battery Pack - notebook battery X100 Black,Contoso,Black,11.23,33.9,308,Computers Accessories,3,Computers,22.669999999999998
762,763,Contoso Digital camera accessory kit M200 Black,Contoso,Black,10.99,23.9,308,Computers Accessories,3,Computers,12.909999999999998
763,764,Contoso Leather Case - case for digital photo camera X20 Black,Contoso,Black,13.22,39.9,308,Computers Accessories,3,Computers,26.68
764,765,Contoso Lens cap E80 Black,Contoso,Black,15.27,29.95,308,Computers Accessories,3,Computers,14.68
765,766,Contoso Battery charger - bike E200 Black,Contoso,Black,10.15,19.9,308,Computers Accessories,3,Computers,9.749999999999998
766,767,Contoso USB Optical Mouse E200 Black,Contoso,Black,7.9,15.5,308,Computers Accessories,3,Computers,7.6
767,768,Contoso ADSL Modem Splitter/Filter X 1 E100 Black,Contoso,Black,9.13,17.9,308,Computers Accessories,3,Computers,8.769999999999998
768,769,Contoso ADSL Modem Splitter/Filter X 2 E200 Black,Contoso,Black,11.68,22.9,308,Computers Accessories,3,Computers,11.219999999999999
769,770,Contoso ADSL Modem Splitter/Filter X 3 E300 Black,Contoso,Black,26.97,52.9,308,Computers Accessories,3,Computers,25.93
770,771,Contoso USB Wave Multi-media Keyboard E280 Black,Contoso,Black,8.11,15.9,308,Computers Accessories,3,Computers,7.790000000000001
771,772,Contoso Cables To Go USB 2.0 Hard Drive Enclosure E920 Black,Contoso,Black,6.07,11.9,308,Computers Accessories,3,Computers,5.83
772,773,Contoso USB Wave Multi-media Keyboard E280 Blue,Contoso,Blue,8.11,15.9,308,Computers Accessories,3,Computers,7.790000000000001
773,774,Contoso USB Optical Mouse E200 Blue,Contoso,Blue,7.9,15.5,308,Computers Accessories,3,Computers,7.6
774,775,Contoso Smart Battery M901 Blue,Contoso,Blue,5.29,11.5,308,Computers Accessories,3,Computers,6.21
775,776,Contoso Digital Camera Accessory kit M200 Blue,Contoso,Blue,10.99,23.9,308,Computers Accessories,3,Computers,12.909999999999998
776,777,Contoso Reserve Pen -Tablet Pen E200 Blue,Contoso,Blue,7.09,13.9,308,Computers Accessories,3,Computers,6.8100000000000005
777,778,Contoso Rechargeable Battery E100 White,Contoso,White,6.6,12.95,308,Computers Accessories,3,Computers,6.35
778,779,Contoso Dual USB Power Adapter - power adapter E300 White,Contoso,White,20.34,39.9,308,Computers Accessories,3,Computers,19.56
779,780,Contoso Car power adapter M90 White,Contoso,White,9.17,19.95,308,Computers Accessories,3,Computers,10.78
780,781,Contoso Notebook Peripheral Kit M69 White,Contoso,White,7.59,16.5,308,Computers Accessories,3,Computers,8.91
781,782,Contoso Mouse Lock Bundle E200 White,Contoso,White,6.6,12.95,308,Computers Accessories,3,Computers,6.35
782,783,Contoso Education Supplies Bundle E200 White,Contoso,White,6.88,13.5,308,Computers Accessories,3,Computers,6.62
783,784,Contoso Laptop Starter Bundle M200 White,Contoso,White,7.59,16.5,308,Computers Accessories,3,Computers,8.91
784,785,Contoso Education Essentials Bundle M300 White,Contoso,White,4.37,9.5,308,Computers Accessories,3,Computers,5.13
785,786,Contoso Desktop Alternative Bundle E200 White,Contoso,White,5.86,11.5,308,Computers Accessories,3,Computers,5.64
786,787,Contoso Power Inverter - DC to AC power inverter E900 White,Contoso,White,4.84,9.5,308,Computers Accessories,3,Computers,4.66
787,788,Contoso Smart Battery M901 White,Contoso,White,5.29,11.5,308,Computers Accessories,3,Computers,6.21
788,789,Contoso Laptop Cooling Hub notebook fan with 4 ports USB hub E80 White,Contoso,White,15.24,29.9,308,Computers Accessories,3,Computers,14.659999999999998
789,790,Contoso Home/Office Laptop Power Adapter E300 White,Contoso,White,13.0,25.5,308,Computers Accessories,3,Computers,12.5
790,791,Contoso USB 2.0 Dock Station docking station M800 White,Contoso,White,13.75,29.9,308,Computers Accessories,3,Computers,16.15
791,792,Contoso Enhanced Capacity Battery M800 White,Contoso,White,12.83,27.9,308,Computers Accessories,3,Computers,15.069999999999999
792,793,Contoso Connectivity Starter Kit Smart Buy M680 White,Contoso,White,12.83,27.9,308,Computers Accessories,3,Computers,15.069999999999999
793,794,Contoso 90W AC/DC Power Adapter E300 White,Contoso,White,6.07,11.9,308,Computers Accessories,3,Computers,5.83
794,795,Contoso Reserve Pen - Tablet Pen E200 White,Contoso,White,7.09,13.9,308,Computers Accessories,3,Computers,6.8100000000000005
795,796,Contoso USB Data Link - direct connect adapter E600 White,Contoso,White,8.62,16.9,308,Computers Accessories,3,Computers,8.28
796,797,Contoso Primary Extended Capacity Battery Pack - notebook battery X100 White,Contoso,White,11.23,33.9,308,Computers Accessories,3,Computers,22.669999999999998
797,798,Contoso Digital camera accessory kit M200 White,Contoso,White,10.99,23.9,308,Computers Accessories,3,Computers,12.909999999999998
798,799,Contoso Leather Case - case for digital photo camera X20 White,Contoso,White,13.22,39.9,308,Computers Accessories,3,Computers,26.68
799,800,Contoso Lens cap E80 White,Contoso,White,15.27,29.95,308,Computers Accessories,3,Computers,14.68
800,801,Contoso Battery charger - bike E200 White,Contoso,White,10.15,19.9,308,Computers Accessories,3,Computers,9.749999999999998
801,802,Contoso USB Optical Mouse E200 White,Contoso,White,7.9,15.5,308,Computers Accessories,3,Computers,7.6
802,803,Contoso ADSL Modem Splitter/Filter X 1 E100 White,Contoso,White,9.13,17.9,308,Computers Accessories,3,Computers,8.769999999999998
803,804,Contoso ADSL Modem Splitter/Filter X 2 E200 White,Contoso,White,11.68,22.9,308,Computers Accessories,3,Computers,11.219999999999999
804,805,Contoso ADSL Modem Splitter/Filter X 3 E300 White,Contoso,White,26.97,52.9,308,Computers Accessories,3,Computers,25.93
805,806,Contoso USB Wave Multi-media Keyboard E280 White,Contoso,White,8.11,15.9,308,Computers Accessories,3,Computers,7.790000000000001
806,807,Contoso Cables To Go USB 2.0 Hard Drive Enclosure E920 White,Contoso,White,6.07,11.9,308,Computers Accessories,3,Computers,5.83
807,808,Contoso Rechargeable Battery E100 Grey,Contoso,Grey,6.6,12.95,308,Computers Accessories,3,Computers,6.35
808,809,Contoso Dual USB Power Adapter - power adapter E300 Grey,Contoso,Grey,20.34,39.9,308,Computers Accessories,3,Computers,19.56
809,810,Contoso Car power adapter M90 Grey,Contoso,Grey,9.17,19.95,308,Computers Accessories,3,Computers,10.78
810,811,Contoso Notebook Peripheral Kit M69 Grey,Contoso,Grey,7.59,16.5,308,Computers Accessories,3,Computers,8.91
811,812,Contoso Mouse Lock Bundle E200 Grey,Contoso,Grey,6.6,12.95,308,Computers Accessories,3,Computers,6.35
812,813,Contoso Education Supplies Bundle E200 Grey,Contoso,Grey,6.88,13.5,308,Computers Accessories,3,Computers,6.62
813,814,Contoso Laptop Starter Bundle M200 Grey,Contoso,Grey,7.59,16.5,308,Computers Accessories,3,Computers,8.91
814,815,Contoso Education Essentials Bundle M300 Grey,Contoso,Grey,4.37,9.5,308,Computers Accessories,3,Computers,5.13
815,816,Contoso Desktop Alternative Bundle E200 Grey,Contoso,Grey,5.86,11.5,308,Computers Accessories,3,Computers,5.64
816,817,Contoso Power Inverter - DC to AC power inverter E900 Grey,Contoso,Grey,4.84,9.5,308,Computers Accessories,3,Computers,4.66
817,818,Contoso Smart Battery M901 Grey,Contoso,Grey,5.29,11.5,308,Computers Accessories,3,Computers,6.21
818,819,Contoso Laptop Cooling Hub notebook fan with 4 ports USB hub E80 Grey,Contoso,Grey,15.24,29.9,308,Computers Accessories,3,Computers,14.659999999999998
819,820,Contoso Home/Office Laptop Power Adapter E300 Grey,Contoso,Grey,13.0,25.5,308,Computers Accessories,3,Computers,12.5
820,821,Contoso USB 2.0 Dock Station docking station M800 Grey,Contoso,Grey,13.75,29.9,308,Computers Accessories,3,Computers,16.15
821,822,Contoso Enhanced Capacity Battery M800 Grey,Contoso,Grey,12.83,27.9,308,Computers Accessories,3,Computers,15.069999999999999
822,823,Contoso Connectivity Starter Kit Smart Buy M680 Grey,Contoso,Grey,12.83,27.9,308,Computers Accessories,3,Computers,15.069999999999999
823,824,Contoso 90W AC/DC Power Adapter E300 Grey,Contoso,Grey,6.07,11.9,308,Computers Accessories,3,Computers,5.83
824,825,Contoso Reserve Pen - Tablet Pen E200 Grey,Contoso,Grey,7.09,13.9,308,Computers Accessories,3,Computers,6.8100000000000005
825,826,Contoso USB Data Link - direct connect adapter E600 Grey,Contoso,Grey,8.62,16.9,308,Computers Accessories,3,Computers,8.28
826,827,Contoso Primary Extended Capacity Battery Pack - notebook battery X100 Grey,Contoso,Grey,11.23,33.9,308,Computers Accessories,3,Computers,22.669999999999998
827,828,Contoso Digital camera accessory kit M200 Grey,Contoso,Grey,10.99,23.9,308,Computers Accessories,3,Computers,12.909999999999998
828,829,Contoso Leather Case - case for digital photo camera X20 Grey,Contoso,Grey,13.22,39.9,308,Computers Accessories,3,Computers,26.68
829,830,Contoso Lens cap E80 Grey,Contoso,Grey,15.27,29.95,308,Computers Accessories,3,Computers,14.68
830,831,Contoso Battery charger - bike E200 Grey,Contoso,Grey,10.15,19.9,308,Computers Accessories,3,Computers,9.749999999999998
831,832,Contoso USB Optical Mouse E200 Grey,Contoso,Grey,7.9,15.5,308,Computers Accessories,3,Computers,7.6
832,833,Contoso ADSL Modem Splitter/Filter X 1 E100 Grey,Contoso,Grey,9.13,17.9,308,Computers Accessories,3,Computers,8.769999999999998
833,834,Contoso ADSL Modem Splitter/Filter X 2 E200 Grey,Contoso,Grey,11.68,22.9,308,Computers Accessories,3,Computers,11.219999999999999
834,835,Contoso ADSL Modem Splitter/Filter X 3 E300 Grey,Contoso,Grey,26.97,52.9,308,Computers Accessories,3,Computers,25.93
835,836,Contoso USB Wave Multi-Media Keyboard E280 Grey,Contoso,Grey,8.11,15.9,308,Computers Accessories,3,Computers,7.790000000000001
836,837,Contoso Cables To Go USB 2.0 Hard Drive Enclosure E920 Grey,Contoso,Grey,6.07,11.9,308,Computers Accessories,3,Computers,5.83
837,838,Contoso USB Optical Mouse E200 Gold,Contoso,Gold,7.9,15.5,308,Computers Accessories,3,Computers,7.6
838,839,Contoso USB Wave Multi-Media Keyboard M901 Gold,Contoso,Gold,11.91,25.9,308,Computers Accessories,3,Computers,13.989999999999998
839,840,Contoso Laptop Cooling Hub notebook fan with 4 ports USB hub M200 Gold,Contoso,Gold,18.35,39.9,308,Computers Accessories,3,Computers,21.549999999999997
840,841,Contoso Reserve Pen - Tablet Pen E200 Gold,Contoso,Gold,7.09,13.9,308,Computers Accessories,3,Computers,6.8100000000000005
841,842,Contoso Bright Light battery E20 Black,Contoso,Black,13.71,26.9,308,Computers Accessories,3,Computers,13.189999999999998
842,843,Contoso Bright Light battery E20 blue,Contoso,Blue,13.71,26.9,308,Computers Accessories,3,Computers,13.189999999999998
843,844,Contoso Bright Light battery E20 Pink,Contoso,Pink,13.71,26.9,308,Computers Accessories,3,Computers,13.189999999999998
844,845,Contoso Bright Light battery E20 White,Contoso,White,13.71,26.9,308,Computers Accessories,3,Computers,13.189999999999998
845,846,Contoso Ultraportable Neoprene Sleeve E30 Black,Contoso,Black,7.95,15.6,308,Computers Accessories,3,Computers,7.6499999999999995
846,847,Contoso Ultraportable Neoprene Sleeve E30 Pink,Contoso,Pink,7.95,15.6,308,Computers Accessories,3,Computers,7.6499999999999995
847,848,Contoso Ultraportable Neoprene Sleeve E30 Yellow,Contoso,Yellow,7.95,15.6,308,Computers Accessories,3,Computers,7.6499999999999995
848,849,Contoso Ultraportable Neoprene Sleeve E30 Green,Contoso,Green,7.95,15.6,308,Computers Accessories,3,Computers,7.6499999999999995
849,850,Contoso Laptop Keyboard X105 Black,Contoso,Black,76.5,230.9,308,Computers Accessories,3,Computers,154.4
850,851,Contoso Laptop Keyboard X105 White,Contoso,White,76.5,230.9,308,Computers Accessories,3,Computers,154.4
851,852,Contoso Laptop Keyboard X105 Brown,Contoso,Brown,76.5,230.9,308,Computers Accessories,3,Computers,154.4
852,853,Contoso Laptop Keyboard X105 Silver,Contoso,Silver,76.5,230.9,308,Computers Accessories,3,Computers,154.4
853,854,Contoso Multimedia Speakers M25 Brown,Contoso,Brown,59.32,129.0,308,Computers Accessories,3,Computers,69.68
854,855,Contoso Multimedia Speakers M25 Blue,Contoso,Blue,59.32,129.0,308,Computers Accessories,3,Computers,69.68
855,856,Contoso Multimedia Speakers M25 Black,Contoso,Black,59.32,129.0,308,Computers Accessories,3,Computers,69.68
856,857,Contoso Multimedia Speakers M25 White,Contoso,White,59.32,129.0,308,Computers Accessories,3,Computers,69.68
857,858,Contoso Wireless Notebook Optical Mouse M35 Black,Contoso,Black,13.77,29.95,308,Computers Accessories,3,Computers,16.18
858,859,Contoso Wireless Notebook Optical Mouse M35 White,Contoso,White,13.77,29.95,308,Computers Accessories,3,Computers,16.18
859,860,Contoso Wireless Notebook Optical Mouse M35 Blue,Contoso,Blue,13.77,29.95,308,Computers Accessories,3,Computers,16.18
860,861,Contoso Wireless Notebook Optical Mouse M35 Silver,Contoso,Silver,13.77,29.95,308,Computers Accessories,3,Computers,16.18
861,862,Contoso Wireless Notebook Optical Mouse M35 Orange,Contoso,Orange,13.77,29.95,308,Computers Accessories,3,Computers,16.18
862,863,Contoso Optical USB Mouse M45 Black,Contoso,Black,23.45,50.99,308,Computers Accessories,3,Computers,27.540000000000003
863,864,Contoso Optical USB Mouse M45 White,Contoso,White,23.45,50.99,308,Computers Accessories,3,Computers,27.540000000000003
864,865,Contoso Optical USB Mouse M45 Grey,Contoso,Grey,23.45,50.99,308,Computers Accessories,3,Computers,27.540000000000003
865,866,Contoso Wireless Laser Mouse M55 Black,Contoso,Black,32.19,69.99,308,Computers Accessories,3,Computers,37.8
866,867,Contoso Wireless Laser Mouse M55 White,Contoso,White,32.19,69.99,308,Computers Accessories,3,Computers,37.8
867,868,Contoso Wireless Laser Mouse M55 Grey,Contoso,Grey,32.19,69.99,308,Computers Accessories,3,Computers,37.8
868,869,Contoso Wireless Laser Mouse M55 Silver,Contoso,Silver,32.19,69.99,308,Computers Accessories,3,Computers,37.8
869,870,Contoso Wireless Laser Mouse E50 Black,Contoso,Black,10.69,20.96,308,Computers Accessories,3,Computers,10.270000000000001
870,871,Contoso Wireless Laser Mouse E50 White,Contoso,White,10.69,20.96,308,Computers Accessories,3,Computers,10.270000000000001
871,872,Contoso Wireless Laser Mouse E50 Silver,Contoso,Silver,10.69,20.96,308,Computers Accessories,3,Computers,10.270000000000001
872,873,Contoso Wireless Laser Mouse E50 Grey,Contoso,Grey,10.69,20.96,308,Computers Accessories,3,Computers,10.270000000000001
873,874,Contoso Wireless Notebook Optical Mouse X205 Black,Contoso,Black,43.06,129.95,308,Computers Accessories,3,Computers,86.88999999999999
874,875,Contoso Wireless Notebook Optical Mouse X205 White,Contoso,White,43.06,129.95,308,Computers Accessories,3,Computers,86.88999999999999
875,876,Contoso Wireless Notebook Optical Mouse X205 Blue,Contoso,Blue,43.06,129.95,308,Computers Accessories,3,Computers,86.88999999999999
876,877,Contoso Wireless Notebook Optical Mouse X205 Silver,Contoso,Silver,43.06,129.95,308,Computers Accessories,3,Computers,86.88999999999999
877,878,Contoso Wireless Notebook Optical Mouse X205 Orange,Contoso,Orange,43.06,129.95,308,Computers Accessories,3,Computers,86.88999999999999
878,879,Contoso Optical Wheel OEM PS/2 Mouse E60 Grey,Contoso,Grey,6.63,13.0,308,Computers Accessories,3,Computers,6.37
879,880,Contoso Optical Wheel OEM PS/2 Mouse E60 Black,Contoso,Black,6.63,13.0,308,Computers Accessories,3,Computers,6.37
880,881,Contoso Optical Wheel OEM PS/2 Mouse E60 White,Contoso,White,6.63,13.0,308,Computers Accessories,3,Computers,6.37
881,882,Contoso Optical Wheel OEM PS/2 Mouse E60 Silver,Contoso,Silver,6.63,13.0,308,Computers Accessories,3,Computers,6.37
882,883,Contoso Bluetooth Notebook Mouse X305 Black,Contoso,Black,49.7,150.0,308,Computers Accessories,3,Computers,100.3
883,884,Contoso Bluetooth Notebook Mouse X305 White,Contoso,White,49.7,150.0,308,Computers Accessories,3,Computers,100.3
884,885,Contoso Bluetooth Notebook Mouse X305 Silver,Contoso,Silver,49.7,150.0,308,Computers Accessories,3,Computers,100.3
885,886,Contoso Bluetooth Notebook Mouse X305 Grey,Contoso,Grey,49.7,150.0,308,Computers Accessories,3,Computers,100.3
886,887,Contoso Bluetooth Notebook Mouse E70 Black,Contoso,Black,25.49,50.0,308,Computers Accessories,3,Computers,24.51
887,888,Contoso Bluetooth Notebook Mouse E70 White,Contoso,White,25.49,50.0,308,Computers Accessories,3,Computers,24.51
888,889,Contoso Bluetooth Notebook Mouse E70 Silver,Contoso,Silver,25.49,50.0,308,Computers Accessories,3,Computers,24.51
889,890,Contoso Bluetooth Notebook Mouse E70 Grey,Contoso,Grey,25.49,50.0,308,Computers Accessories,3,Computers,24.51
890,891,SV Rechargeable Bluetooth Notebook Mouse E80 Silver,Southridge Video,Silver,30.58,59.99,308,Computers Accessories,3,Computers,29.410000000000004
891,892,SV Rechargeable Bluetooth Notebook Mouse E80 Black,Southridge Video,Black,30.58,59.99,308,Computers Accessories,3,Computers,29.410000000000004
892,893,SV Rechargeable Bluetooth Notebook Mouse E80 White,Southridge Video,White,30.58,59.99,308,Computers Accessories,3,Computers,29.410000000000004
893,894,SV Rechargeable Bluetooth Notebook Mouse E80 Grey,Southridge Video,Grey,30.58,59.99,308,Computers Accessories,3,Computers,29.410000000000004
894,895,SV Keyboard E90 Silver,Southridge Video,Silver,21.28,41.73,308,Computers Accessories,3,Computers,20.449999999999996
895,896,SV Keyboard E90 White,Southridge Video,White,21.28,41.73,308,Computers Accessories,3,Computers,20.449999999999996
896,897,SV Keyboard E90 Black,Southridge Video,Black,21.28,41.73,308,Computers Accessories,3,Computers,20.449999999999996
897,898,SV Keyboard E90 Grey,Southridge Video,Grey,21.28,41.73,308,Computers Accessories,3,Computers,20.449999999999996
898,899,SV Keyboard E10 Silver,Southridge Video,Silver,22.43,44.0,308,Computers Accessories,3,Computers,21.57
899,900,SV Keyboard E10 White,Southridge Video,White,22.43,44.0,308,Computers Accessories,3,Computers,21.57
900,901,SV Keyboard E10 Black,Southridge Video,Black,22.43,44.0,308,Computers Accessories,3,Computers,21.57
901,902,SV Keyboard E10 Grey,Southridge Video,Grey,22.43,44.0,308,Computers Accessories,3,Computers,21.57
902,903,SV 40GB USB2.0 Portable Hard Disk E400 Red,Southridge Video,Red,38.74,75.99,308,Computers Accessories,3,Computers,37.24999999999999
903,904,SV 40GB USB2.0 Portable Hard Disk E400 Silver,Southridge Video,Silver,38.74,75.99,308,Computers Accessories,3,Computers,37.24999999999999
904,905,SV 40GB USB2.0 Portable Hard Disk E400 Blue,Southridge Video,Blue,38.74,75.99,308,Computers Accessories,3,Computers,37.24999999999999
905,906,SV 40GB USB2.0 Portable Hard Disk E400 Yellow,Southridge Video,Yellow,38.74,75.99,308,Computers Accessories,3,Computers,37.24999999999999
906,907,SV 80GB USB2.0 Portable Hard Disk E500 Red,Southridge Video,Red,52.0,102.0,308,Computers Accessories,3,Computers,50.0
907,908,SV 80GB USB2.0 Portable Hard Disk E500 Silver,Southridge Video,Silver,52.0,102.0,308,Computers Accessories,3,Computers,50.0
908,909,SV 80GB USB2.0 Portable Hard Disk E500 Blue,Southridge Video,Blue,52.0,102.0,308,Computers Accessories,3,Computers,50.0
909,910,SV 80GB USB2.0 Portable Hard Disk E500 Yellow,Southridge Video,Yellow,52.0,102.0,308,Computers Accessories,3,Computers,50.0
910,911,SV 160GB USB2.0 Portable Hard Disk M65 Silver,Southridge Video,Silver,44.1,95.9,308,Computers Accessories,3,Computers,51.800000000000004
911,912,SV 160GB USB2.0 Portable Hard Disk M65 Black,Southridge Video,Black,44.1,95.9,308,Computers Accessories,3,Computers,51.800000000000004
912,913,SV 160GB USB2.0 Portable Hard Disk M65 White,Southridge Video,White,44.1,95.9,308,Computers Accessories,3,Computers,51.800000000000004
913,914,SV 160GB USB2.0 Portable Hard Disk M65 Grey,Southridge Video,Grey,44.1,95.9,308,Computers Accessories,3,Computers,51.800000000000004
914,915,SV 500GB USB 2.0 Portable External Hard Drive X405 Pink,Southridge Video,Pink,59.31,179.0,308,Computers Accessories,3,Computers,119.69
915,916,SV 500GB USB 2.0 Portable External Hard Drive X405 Blue,Southridge Video,Blue,59.31,179.0,308,Computers Accessories,3,Computers,119.69
916,917,SV 500GB USB 2.0 Portable External Hard Drive X405 White,Southridge Video,White,59.31,179.0,308,Computers Accessories,3,Computers,119.69
917,918,SV 500GB USB 2.0 Portable External Hard Drive X405 Black,Southridge Video,Black,59.31,179.0,308,Computers Accessories,3,Computers,119.69
918,919,SV USB Data Cable E600 Pink,Southridge Video,Pink,0.48,0.95,308,Computers Accessories,3,Computers,0.47
919,920,SV USB Data Cable E600 Black,Southridge Video,Black,0.48,0.95,308,Computers Accessories,3,Computers,0.47
920,921,SV USB Data Cable E600 Silver,Southridge Video,Silver,0.48,0.95,308,Computers Accessories,3,Computers,0.47
921,922,SV USB Data Cable E600 Grey,Southridge Video,Grey,0.48,0.95,308,Computers Accessories,3,Computers,0.47
922,923,SV USB Sync Charge Cable E700 Blue,Southridge Video,Blue,1.01,1.99,308,Computers Accessories,3,Computers,0.98
923,924,SV USB Sync Charge Cable E700 Black,Southridge Video,Black,1.01,1.99,308,Computers Accessories,3,Computers,0.98
924,925,SV USB Sync Charge Cable E700 White,Southridge Video,White,1.01,1.99,308,Computers Accessories,3,Computers,0.98
925,926,SV USB Sync Charge Cable E700 Silver,Southridge Video,Silver,1.01,1.99,308,Computers Accessories,3,Computers,0.98
926,927,SV 512MB Laptop memory E800 White,Southridge Video,White,17.33,33.99,308,Computers Accessories,3,Computers,16.660000000000004
927,928,SV 512MB Laptop memory E800 Silver,Southridge Video,Silver,17.33,33.99,308,Computers Accessories,3,Computers,16.660000000000004
928,929,SV 512MB Laptop memory E800 Black,Southridge Video,Black,17.33,33.99,308,Computers Accessories,3,Computers,16.660000000000004
929,930,SV 512MB Laptop memory E800 Yellow,Southridge Video,Yellow,17.33,33.99,308,Computers Accessories,3,Computers,16.660000000000004
930,931,SV 2GB Laptop memory E800 Silver,Southridge Video,Silver,28.04,55.0,308,Computers Accessories,3,Computers,26.96
931,932,SV 2GB Laptop memory E800 Black,Southridge Video,Black,28.04,55.0,308,Computers Accessories,3,Computers,26.96
932,933,SV 2GB Laptop memory E800 White,Southridge Video,White,28.04,55.0,308,Computers Accessories,3,Computers,26.96
933,934,SV 4GB Laptop Memory M65 Blue,Southridge Video,Blue,36.33,79.0,308,Computers Accessories,3,Computers,42.67
934,935,SV 4GB Laptop Memory M65 Yellow,Southridge Video,Yellow,36.33,79.0,308,Computers Accessories,3,Computers,42.67
935,936,SV 4GB Laptop Memory M65 Black,Southridge Video,Black,36.33,79.0,308,Computers Accessories,3,Computers,42.67
936,937,SV 4GB Laptop Memory M65 White,Southridge Video,White,36.33,79.0,308,Computers Accessories,3,Computers,42.67
937,938,SV Wireless LAN PCI Network Card Adapter E900 Black,Southridge Video,Black,50.47,99.0,308,Computers Accessories,3,Computers,48.53
938,939,SV Wireless LAN PCI Network Card Adapter E901 Black,Southridge Video,Black,50.47,99.0,308,Computers Accessories,3,Computers,48.53
939,940,SV Wireless LAN PCI Network Card Adapter E902 Black,Southridge Video,Black,50.47,99.0,308,Computers Accessories,3,Computers,48.53
940,941,SV PCI Network Adapter E903 Silver,Southridge Video,Silver,21.41,41.99,308,Computers Accessories,3,Computers,20.580000000000002
941,942,SV PCI Network Adapter E904 Silver,Southridge Video,Silver,21.41,41.99,308,Computers Accessories,3,Computers,20.580000000000002
942,943,SV PCI Network Adapter E905 Silver,Southridge Video,Silver,21.41,41.99,308,Computers Accessories,3,Computers,20.580000000000002
943,944,A. Datum Compact Digital Camera M200 Black,A. Datum,Black,59.32,129.0,401,Digital Cameras,4,Cameras and camcorders,69.68
944,945,A. Datum Rangefinder Digital Camera X200 Black,A. Datum,Black,66.26,200.0,401,Digital Cameras,4,Cameras and camcorders,133.74
945,946,A. Datum Slim Digital Camera M180 Black,A. Datum,Black,68.06,148.0,401,Digital Cameras,4,Cameras and camcorders,79.94
946,947,A. Datum Ultra Compact Digital Camera M190 Black,A. Datum,Black,75.88,165.0,401,Digital Cameras,4,Cameras and camcorders,89.12
947,948,A. Datum All in One Digital Camera M200 Black,A. Datum,Black,86.45,188.0,401,Digital Cameras,4,Cameras and camcorders,101.55
948,949,A. Datum Interchangeable lens Non-SLR Digital Camera X250 Black,A. Datum,Black,88.79,268.0,401,Digital Cameras,4,Cameras and camcorders,179.20999999999998
949,950,A. Datum Super-zoom Digital Camera X300 Black,A. Datum,Black,96.08,290.0,401,Digital Cameras,4,Cameras and camcorders,193.92000000000002
950,951,A. Datum Consumer Digital Camera E100 Black,A. Datum,Black,143.26,281.0,401,Digital Cameras,4,Cameras and camcorders,137.74
951,952,A. Datum Consumer Digital Camera M300 Black,A. Datum,Black,84.84,184.5,401,Digital Cameras,4,Cameras and camcorders,99.66
952,953,A. Datum Advanced Digital Camera M300 Black,A. Datum,Black,86.68,188.5,401,Digital Cameras,4,Cameras and camcorders,101.82
953,954,A. Datum Bridge Digital Camera M300 Black,A. Datum,Black,85.95,186.9,401,Digital Cameras,4,Cameras and camcorders,100.95
954,955,A. Datum SLR-like Digital Camera M400 Black,A. Datum,Black,90.55,196.9,401,Digital Cameras,4,Cameras and camcorders,106.35000000000001
955,956,A. Datum Point Shoot Digital Camera M500 Black,A. Datum,Black,91.05,198.0,401,Digital Cameras,4,Cameras and camcorders,106.95
956,957,A. Datum Full Frame Digital Camera X300 Black,A. Datum,Black,76.53,231.0,401,Digital Cameras,4,Cameras and camcorders,154.47
957,958,A. Datum Compact Digital Camera M200 Grey,A. Datum,Grey,59.32,129.0,401,Digital Cameras,4,Cameras and camcorders,69.68
958,959,A. Datum Rangefinder Digital Camera X200 Grey,A. Datum,Grey,66.26,200.0,401,Digital Cameras,4,Cameras and camcorders,133.74
959,960,A. Datum Slim Digital Camera M180 Grey,A. Datum,Grey,68.06,148.0,401,Digital Cameras,4,Cameras and camcorders,79.94
960,961,A. Datum Ultra Compact Digital Camera M190 Grey,A. Datum,Grey,75.88,165.0,401,Digital Cameras,4,Cameras and camcorders,89.12
961,962,A. Datum All in One Digital Camera M200 Grey,A. Datum,Grey,86.45,188.0,401,Digital Cameras,4,Cameras and camcorders,101.55
962,963,A. Datum Interchangeable lens Non-SLR Digital Camera X250 Grey,A. Datum,Grey,88.79,268.0,401,Digital Cameras,4,Cameras and camcorders,179.20999999999998
963,964,A. Datum Super-zoom Digital Camera X300 Grey,A. Datum,Grey,96.08,290.0,401,Digital Cameras,4,Cameras and camcorders,193.92000000000002
964,965,A. Datum Consumer Digital Camera E100 Grey,A. Datum,Grey,143.26,281.0,401,Digital Cameras,4,Cameras and camcorders,137.74
965,966,A. Datum Consumer Digital Camera M300 Grey,A. Datum,Grey,84.84,184.5,401,Digital Cameras,4,Cameras and camcorders,99.66
966,967,A. Datum Advanced Digital Camera M300 Grey,A. Datum,Grey,86.68,188.5,401,Digital Cameras,4,Cameras and camcorders,101.82
967,968,A. Datum Bridge Digital Camera M300 Grey,A. Datum,Grey,85.95,186.9,401,Digital Cameras,4,Cameras and camcorders,100.95
968,969,A. Datum SLR-like Digital Camera M400 Grey,A. Datum,Grey,90.55,196.9,401,Digital Cameras,4,Cameras and camcorders,106.35000000000001
969,970,A. Datum Point n' Shoot Digital Camera M500 Grey,A. Datum,Grey,91.05,198.0,401,Digital Cameras,4,Cameras and camcorders,106.95
970,971,A. Datum Full Frame Digital Camera X300 Grey,A. Datum,Grey,76.53,231.0,401,Digital Cameras,4,Cameras and camcorders,154.47
971,972,A. Datum Compact Digital Camera M200 Pink,A. Datum,Pink,59.32,129.0,401,Digital Cameras,4,Cameras and camcorders,69.68
972,973,A. Datum Rangefinder Digital Camera X200 Pink,A. Datum,Pink,66.26,200.0,401,Digital Cameras,4,Cameras and camcorders,133.74
973,974,A. Datum Slim Digital Camera M180 Pink,A. Datum,Pink,68.06,148.0,401,Digital Cameras,4,Cameras and camcorders,79.94
974,975,A. Datum Ultra Compact Digital Camera M190 Pink,A. Datum,Pink,75.88,165.0,401,Digital Cameras,4,Cameras and camcorders,89.12
975,976,A. Datum All in One Digital Camera M200 Pink,A. Datum,Pink,86.45,188.0,401,Digital Cameras,4,Cameras and camcorders,101.55
976,977,A. Datum Interchangeable lens Non-SLR Digital Camera X250 Pink,A. Datum,Pink,88.79,268.0,401,Digital Cameras,4,Cameras and camcorders,179.20999999999998
977,978,A. Datum Super-zoom Digital Camera X300 Pink,A. Datum,Pink,96.08,290.0,401,Digital Cameras,4,Cameras and camcorders,193.92000000000002
978,979,A. Datum Consumer Digital Camera E100 Pink,A. Datum,Pink,143.26,281.0,401,Digital Cameras,4,Cameras and camcorders,137.74
979,980,A. Datum Consumer Digital Camera M300 Pink,A. Datum,Pink,84.84,184.5,401,Digital Cameras,4,Cameras and camcorders,99.66
980,981,A. Datum Advanced Digital Camera M300 Pink,A. Datum,Pink,86.68,188.5,401,Digital Cameras,4,Cameras and camcorders,101.82
981,982,A. Datum Bridge Digital Camera M300 Pink,A. Datum,Pink,85.95,186.9,401,Digital Cameras,4,Cameras and camcorders,100.95
982,983,A. Datum SLR-like Digital Camera M400 Pink,A. Datum,Pink,90.55,196.9,401,Digital Cameras,4,Cameras and camcorders,106.35000000000001
983,984,A. Datum Point Shoot Digital Camera M500 Pink,A. Datum,Pink,91.05,198.0,401,Digital Cameras,4,Cameras and camcorders,106.95
984,985,A. Datum Full Frame Digital Camera X300 Pink,A. Datum,Pink,76.53,231.0,401,Digital Cameras,4,Cameras and camcorders,154.47
985,986,A. Datum Compact Digital Camera M200 Silver,A. Datum,Silver,59.32,129.0,401,Digital Cameras,4,Cameras and camcorders,69.68
986,987,A. Datum Rangefinder Digital Camera X200 Silver,A. Datum,Silver,66.26,200.0,401,Digital Cameras,4,Cameras and camcorders,133.74
987,988,A. Datum Slim Digital Camera M180 Silver,A. Datum,Silver,68.06,148.0,401,Digital Cameras,4,Cameras and camcorders,79.94
988,989,A. Datum Ultra Compact Digital Camera M190 Silver,A. Datum,Silver,75.88,165.0,401,Digital Cameras,4,Cameras and camcorders,89.12
989,990,A. Datum All in One Digital Camera M200 Silver,A. Datum,Silver,86.45,188.0,401,Digital Cameras,4,Cameras and camcorders,101.55
990,991,A. Datum Interchangeable lens Non-SLR Digital Camera X250 Silver,A. Datum,Silver,88.79,268.0,401,Digital Cameras,4,Cameras and camcorders,179.20999999999998
991,992,A. Datum Super-zoom Digital Camera X300 Silver,A. Datum,Silver,96.08,290.0,401,Digital Cameras,4,Cameras and camcorders,193.92000000000002
992,993,A. Datum Consumer Digital Camera E100 Silver,A. Datum,Silver,143.26,281.0,401,Digital Cameras,4,Cameras and camcorders,137.74
993,994,A. Datum Consumer Digital Camera M300 Silver,A. Datum,Silver,84.84,184.5,401,Digital Cameras,4,Cameras and camcorders,99.66
994,995,A. Datum Advanced Digital Camera M300 Silver,A. Datum,Silver,86.68,188.5,401,Digital Cameras,4,Cameras and camcorders,101.82
995,996,A. Datum Bridge Digital Camera M300 Silver,A. Datum,Silver,85.95,186.9,401,Digital Cameras,4,Cameras and camcorders,100.95
996,997,A. Datum SLR-like Digital Camera M400 Silver,A. Datum,Silver,90.55,196.9,401,Digital Cameras,4,Cameras and camcorders,106.35000000000001
997,998,A. Datum Point Shoot Digital Camera M500 Silver,A. Datum,Silver,91.05,198.0,401,Digital Cameras,4,Cameras and camcorders,106.95
998,999,A. Datum Full Frame Digital Camera X300 Silver,A. Datum,Silver,76.53,231.0,401,Digital Cameras,4,Cameras and camcorders,154.47
999,1000,A. Datum Compact Digital Camera M200 Orange,A. Datum,Orange,59.32,129.0,401,Digital Cameras,4,Cameras and camcorders,69.68
1000,1001,A. Datum Rangefinder Digital Camera X200 Orange,A. Datum,Orange,66.26,200.0,401,Digital Cameras,4,Cameras and camcorders,133.74
1001,1002,A. Datum Slim Digital Camera M180 Orange,A. Datum,Orange,68.06,148.0,401,Digital Cameras,4,Cameras and camcorders,79.94
1002,1003,A. Datum Ultra Compact Digital Camera M190 Orange,A. Datum,Orange,75.88,165.0,401,Digital Cameras,4,Cameras and camcorders,89.12
1003,1004,A. Datum All in One Digital Camera M200 Orange,A. Datum,Orange,86.45,188.0,401,Digital Cameras,4,Cameras and camcorders,101.55
1004,1005,A. Datum Interchangeable lens Non-SLR Digital Camera X250 Orange,A. Datum,Orange,88.79,268.0,401,Digital Cameras,4,Cameras and camcorders,179.20999999999998
1005,1006,A. Datum Super-zoom Digital Camera X300 Orange,A. Datum,Orange,96.08,290.0,401,Digital Cameras,4,Cameras and camcorders,193.92000000000002
1006,1007,A. Datum Consumer Digital Camera E100 Orange,A. Datum,Orange,143.26,281.0,401,Digital Cameras,4,Cameras and camcorders,137.74
1007,1008,A. Datum Consumer Digital Camera M300 Orange,A. Datum,Orange,84.84,184.5,401,Digital Cameras,4,Cameras and camcorders,99.66
1008,1009,A. Datum Advanced Digital Camera M300 Orange,A. Datum,Orange,86.68,188.5,401,Digital Cameras,4,Cameras and camcorders,101.82
1009,1010,A. Datum Bridge Digital Camera M300 Orange,A. Datum,Orange,85.95,186.9,401,Digital Cameras,4,Cameras and camcorders,100.95
1010,1011,A. Datum SLR-like Digital Camera M400 Orange,A. Datum,Orange,90.55,196.9,401,Digital Cameras,4,Cameras and camcorders,106.35000000000001
1011,1012,A. Datum Point Shoot Digital Camera M500 Orange,A. Datum,Orange,91.05,198.0,401,Digital Cameras,4,Cameras and camcorders,106.95
1012,1013,A. Datum Full Frame Digital Camera X300 Orange,A. Datum,Orange,76.53,231.0,401,Digital Cameras,4,Cameras and camcorders,154.47
1013,1014,A. Datum Compact Digital Camera M200 Green,A. Datum,Green,59.32,129.0,401,Digital Cameras,4,Cameras and camcorders,69.68
1014,1015,A. Datum Rangefinder Digital Camera X200 Green,A. Datum,Green,66.26,200.0,401,Digital Cameras,4,Cameras and camcorders,133.74
1015,1016,A. Datum Slim Digital Camera M180 Green,A. Datum,Green,68.06,148.0,401,Digital Cameras,4,Cameras and camcorders,79.94
1016,1017,A. Datum Ultra Compact Digital Camera M190 Green,A. Datum,Green,75.88,165.0,401,Digital Cameras,4,Cameras and camcorders,89.12
1017,1018,A. Datum All in One Digital Camera M200 Green,A. Datum,Green,86.45,188.0,401,Digital Cameras,4,Cameras and camcorders,101.55
1018,1019,A. Datum Interchangeable lens Non-SLR Digital Camera X250 Green,A. Datum,Green,88.79,268.0,401,Digital Cameras,4,Cameras and camcorders,179.20999999999998
1019,1020,A. Datum Super-zoom Digital Camera X300 Green,A. Datum,Green,96.08,290.0,401,Digital Cameras,4,Cameras and camcorders,193.92000000000002
1020,1021,A. Datum Consumer Digital Camera E100 Green,A. Datum,Green,143.26,281.0,401,Digital Cameras,4,Cameras and camcorders,137.74
1021,1022,A. Datum Consumer Digital Camera M300 Green,A. Datum,Green,84.84,184.5,401,Digital Cameras,4,Cameras and camcorders,99.66
1022,1023,A. Datum Advanced Digital Camera M300 Green,A. Datum,Green,86.68,188.5,401,Digital Cameras,4,Cameras and camcorders,101.82
1023,1024,A. Datum Bridge Digital Camera M300 Green,A. Datum,Green,85.95,186.9,401,Digital Cameras,4,Cameras and camcorders,100.95
1024,1025,A. Datum SLR-like Digital Camera M400 Green,A. Datum,Green,90.55,196.9,401,Digital Cameras,4,Cameras and camcorders,106.35000000000001
1025,1026,A. Datum Point Shoot Digital Camera M500 Green,A. Datum,Green,91.05,198.0,401,Digital Cameras,4,Cameras and camcorders,106.95
1026,1027,A. Datum Full Frame Digital Camera X300 Green,A. Datum,Green,76.53,231.0,401,Digital Cameras,4,Cameras and camcorders,154.47
1027,1028,A. Datum Compact Digital Camera M200 Azure,A. Datum,Azure,59.32,129.0,401,Digital Cameras,4,Cameras and camcorders,69.68
1028,1029,A. Datum Rangefinder Digital Camera X200 Azure,A. Datum,Azure,66.26,200.0,401,Digital Cameras,4,Cameras and camcorders,133.74
1029,1030,A. Datum Slim Digital Camera M180 Azure,A. Datum,Azure,68.06,148.0,401,Digital Cameras,4,Cameras and camcorders,79.94
1030,1031,A. Datum Ultra Compact Digital Camera M190 Azure,A. Datum,Azure,75.88,165.0,401,Digital Cameras,4,Cameras and camcorders,89.12
1031,1032,A. Datum All in One Digital Camera M200 Azure,A. Datum,Azure,86.45,188.0,401,Digital Cameras,4,Cameras and camcorders,101.55
1032,1033,A. Datum Interchangeable lens Non-SLR Digital Camera X250 Azure,A. Datum,Azure,88.79,268.0,401,Digital Cameras,4,Cameras and camcorders,179.20999999999998
1033,1034,A. Datum Super-zoom Digital Camera X300 Azure,A. Datum,Azure,96.08,290.0,401,Digital Cameras,4,Cameras and camcorders,193.92000000000002
1034,1035,A. Datum Consumer Digital Camera E100 Azure,A. Datum,Azure,143.26,281.0,401,Digital Cameras,4,Cameras and camcorders,137.74
1035,1036,A. Datum Consumer Digital Camera M300 Azure,A. Datum,Azure,84.84,184.5,401,Digital Cameras,4,Cameras and camcorders,99.66
1036,1037,A. Datum Advanced Digital Camera M300 Azure,A. Datum,Azure,86.68,188.5,401,Digital Cameras,4,Cameras and camcorders,101.82
1037,1038,A. Datum Bridge Digital Camera M300 Azure,A. Datum,Azure,85.95,186.9,401,Digital Cameras,4,Cameras and camcorders,100.95
1038,1039,A. Datum SLR-like Digital Camera M400 Azure,A. Datum,Azure,90.55,196.9,401,Digital Cameras,4,Cameras and camcorders,106.35000000000001
1039,1040,A. Datum Point n' Shoot Digital Camera M500 Azure,A. Datum,Azure,91.05,198.0,401,Digital Cameras,4,Cameras and camcorders,106.95
1040,1041,A. Datum Full Frame Digital Camera X300 Azure,A. Datum,Azure,76.53,231.0,401,Digital Cameras,4,Cameras and camcorders,154.47
1041,1042,A. Datum Point Shoot Digital Camera M500 Silver Grey,A. Datum,Silver Grey,91.05,198.0,401,Digital Cameras,4,Cameras and camcorders,106.95
1042,1043,A. Datum Full Frame Digital Camera X300 Silver Grey,A. Datum,Silver Grey,76.53,231.0,401,Digital Cameras,4,Cameras and camcorders,154.47
1043,1044,A. Datum SLR Camera X135 Black,A. Datum,Black,207.74,627.0,402,Digital SLR Cameras,4,Cameras and camcorders,419.26
1044,1045,"A. Datum SLR Camera 35"" X358 Black",A. Datum,Black,194.82,588.0,402,Digital SLR Cameras,4,Cameras and camcorders,393.18
1045,1046,A. Datum SLR Camera M135 Black,A. Datum,Black,143.48,312.0,402,Digital SLR Cameras,4,Cameras and camcorders,168.52
1046,1047,"A. Datum SLR Camera 35"" M358 Black",A. Datum,Black,155.43,338.0,402,Digital SLR Cameras,4,Cameras and camcorders,182.57
1047,1048,A. Datum SLR Camera X136 Silver,A. Datum,Silver,141.47,427.0,402,Digital SLR Cameras,4,Cameras and camcorders,285.53
1048,1049,"A. Datum SLR Camera 35"" X358 Silver",A. Datum,Silver,194.82,588.0,402,Digital SLR Cameras,4,Cameras and camcorders,393.18
1049,1050,A. Datum SLR Camera M136 Silver,A. Datum,Silver,143.48,312.0,402,Digital SLR Cameras,4,Cameras and camcorders,168.52
1050,1051,"A. Datum SLR Camera 35"" M358 Silver",A. Datum,Silver,155.43,338.0,402,Digital SLR Cameras,4,Cameras and camcorders,182.57
1051,1052,A. Datum SLR Camera X137 Grey,A. Datum,Grey,207.74,627.0,402,Digital SLR Cameras,4,Cameras and camcorders,419.26
1052,1053,"A. Datum SLR Camera 35"" X358 Grey",A. Datum,Grey,194.82,588.0,402,Digital SLR Cameras,4,Cameras and camcorders,393.18
1053,1054,A. Datum SLR Camera M137 Grey,A. Datum,Grey,143.48,312.0,402,Digital SLR Cameras,4,Cameras and camcorders,168.52
1054,1055,"A. Datum SLR Camera 35"" M358 Grey",A. Datum,Grey,155.43,338.0,402,Digital SLR Cameras,4,Cameras and camcorders,182.57
1055,1056,A. Datum SLR Camera X138 Silver Grey,A. Datum,Silver Grey,207.74,627.0,402,Digital SLR Cameras,4,Cameras and camcorders,419.26
1056,1057,"A. Datum SLR Camera 35"" X358 Silver Grey",A. Datum,Silver Grey,194.82,588.0,402,Digital SLR Cameras,4,Cameras and camcorders,393.18
1057,1058,A. Datum SLR Camera M138 Silver Grey,A. Datum,Silver Grey,143.48,312.0,402,Digital SLR Cameras,4,Cameras and camcorders,168.52
1058,1059,"A. Datum SLR Camera 35"" M358 Silver Grey",A. Datum,Silver Grey,155.43,338.0,402,Digital SLR Cameras,4,Cameras and camcorders,182.57
1059,1060,A. Datum SLR Camera X139 Gold,A. Datum,Gold,207.74,627.0,402,Digital SLR Cameras,4,Cameras and camcorders,419.26
1060,1061,"A. Datum SLR Camera 35"" X358 Gold",A. Datum,Gold,194.82,588.0,402,Digital SLR Cameras,4,Cameras and camcorders,393.18
1061,1062,A. Datum SLR Camera M139 Gold,A. Datum,Gold,143.48,312.0,402,Digital SLR Cameras,4,Cameras and camcorders,168.52
1062,1063,"A. Datum SLR Camera 35"" M358 Gold",A. Datum,Gold,155.43,338.0,402,Digital SLR Cameras,4,Cameras and camcorders,182.57
1063,1064,A. Datum SLR Camera X140 Pink,A. Datum,Pink,207.74,627.0,402,Digital SLR Cameras,4,Cameras and camcorders,419.26
1064,1065,"A. Datum SLR Camera 35"" X358 Pink",A. Datum,Pink,194.82,588.0,402,Digital SLR Cameras,4,Cameras and camcorders,393.18
1065,1066,A. Datum SLR Camera M140 Pink,A. Datum,Pink,143.48,312.0,402,Digital SLR Cameras,4,Cameras and camcorders,168.52
1066,1067,"A. Datum SLR Camera 35"" M358 Pink",A. Datum,Pink,155.43,338.0,402,Digital SLR Cameras,4,Cameras and camcorders,182.57
1067,1068,A. Datum SLR Camera X141 Blue,A. Datum,Blue,141.47,427.0,402,Digital SLR Cameras,4,Cameras and camcorders,285.53
1068,1069,"A. Datum SLR Camera 35"" X358 Blue",A. Datum,Blue,194.82,588.0,402,Digital SLR Cameras,4,Cameras and camcorders,393.18
1069,1070,A. Datum SLR Camera M141 Blue,A. Datum,Blue,143.48,312.0,402,Digital SLR Cameras,4,Cameras and camcorders,168.52
1070,1071,"A. Datum SLR Camera 35"" M358 Blue",A. Datum,Blue,155.43,338.0,402,Digital SLR Cameras,4,Cameras and camcorders,182.57
1071,1072,A. Datum SLR Camera X142 Orange,A. Datum,Orange,141.47,427.0,402,Digital SLR Cameras,4,Cameras and camcorders,285.53
1072,1073,"A. Datum SLR Camera 35"" X358 Orange",A. Datum,Orange,194.82,588.0,402,Digital SLR Cameras,4,Cameras and camcorders,393.18
1073,1074,A. Datum SLR Camera M142 Orange,A. Datum,Orange,143.48,312.0,402,Digital SLR Cameras,4,Cameras and camcorders,168.52
1074,1075,"A. Datum SLR Camera 35"" M358 Orange",A. Datum,Orange,155.43,338.0,402,Digital SLR Cameras,4,Cameras and camcorders,182.57
1075,1076,Contoso SLR Camera X142 Black,Contoso,Black,211.05,637.0,402,Digital SLR Cameras,4,Cameras and camcorders,425.95
1076,1077,"Contoso SLR Camera 35"" X358 Black",Contoso,Black,188.19,568.0,402,Digital SLR Cameras,4,Cameras and camcorders,379.81
1077,1078,Contoso SLR Camera M142 Black,Contoso,Black,144.4,314.0,402,Digital SLR Cameras,4,Cameras and camcorders,169.6
1078,1079,"Contoso SLR Camera 35"" M358 Black",Contoso,Black,164.63,358.0,402,Digital SLR Cameras,4,Cameras and camcorders,193.37
1079,1080,Contoso SLR Camera X143 Silver,Contoso,Silver,214.03,646.0,402,Digital SLR Cameras,4,Cameras and camcorders,431.97
1080,1081,"Contoso SLR Camera 35"" X358 Silver",Contoso,Silver,188.19,568.0,402,Digital SLR Cameras,4,Cameras and camcorders,379.81
1081,1082,Contoso SLR Camera M143 Silver,Contoso,Silver,139.8,304.0,402,Digital SLR Cameras,4,Cameras and camcorders,164.2
1082,1083,"Contoso SLR Camera 35"" M358 Silver",Contoso,Silver,164.63,358.0,402,Digital SLR Cameras,4,Cameras and camcorders,193.37
1083,1084,Contoso SLR Camera X143 Grey,Contoso,Grey,214.03,646.0,402,Digital SLR Cameras,4,Cameras and camcorders,431.97
1084,1085,"Contoso SLR Camera 35"" X358 Grey",Contoso,Grey,188.19,568.0,402,Digital SLR Cameras,4,Cameras and camcorders,379.81
1085,1086,Contoso SLR Camera M143 Grey,Contoso,Grey,139.8,304.0,402,Digital SLR Cameras,4,Cameras and camcorders,164.2
1086,1087,"Contoso SLR Camera 35"" M358 Grey",Contoso,Grey,164.63,358.0,402,Digital SLR Cameras,4,Cameras and camcorders,193.37
1087,1088,Contoso SLR Camera X144 Silver Grey,Contoso,Silver Grey,222.98,673.0,402,Digital SLR Cameras,4,Cameras and camcorders,450.02
1088,1089,"Contoso SLR Camera 35"" X358 Silver Grey",Contoso,Silver Grey,188.19,568.0,402,Digital SLR Cameras,4,Cameras and camcorders,379.81
1089,1090,Contoso SLR Camera M144 Silver Grey,Contoso,Silver Grey,152.68,332.0,402,Digital SLR Cameras,4,Cameras and camcorders,179.32
1090,1091,"Contoso SLR Camera 35"" M358 Silver Grey",Contoso,Silver Grey,164.63,358.0,402,Digital SLR Cameras,4,Cameras and camcorders,193.37
1091,1092,Contoso SLR Camera X144 Gold,Contoso,Gold,222.98,673.0,402,Digital SLR Cameras,4,Cameras and camcorders,450.02
1092,1093,"Contoso SLR Camera 35"" X358 Gold",Contoso,Gold,188.19,568.0,402,Digital SLR Cameras,4,Cameras and camcorders,379.81
1093,1094,Contoso SLR Camera M144 Gold,Contoso,Gold,152.68,332.0,402,Digital SLR Cameras,4,Cameras and camcorders,179.32
1094,1095,"Contoso SLR Camera 35"" M358 Gold",Contoso,Gold,164.63,358.0,402,Digital SLR Cameras,4,Cameras and camcorders,193.37
1095,1096,Contoso SLR Camera X145 Pink,Contoso,Pink,209.39,632.0,402,Digital SLR Cameras,4,Cameras and camcorders,422.61
1096,1097,"Contoso SLR Camera 35"" X358 Pink",Contoso,Pink,188.19,568.0,402,Digital SLR Cameras,4,Cameras and camcorders,379.81
1097,1098,Contoso SLR Camera M145 Pink,Contoso,Pink,157.73,343.0,402,Digital SLR Cameras,4,Cameras and camcorders,185.27
1098,1099,"Contoso SLR Camera 35"" M358 Pink",Contoso,Pink,164.63,358.0,402,Digital SLR Cameras,4,Cameras and camcorders,193.37
1099,1100,Contoso SLR Camera X145 Blue,Contoso,Blue,209.39,632.0,402,Digital SLR Cameras,4,Cameras and camcorders,422.61
1100,1101,"Contoso SLR Camera 35"" X358 Blue",Contoso,Blue,188.19,568.0,402,Digital SLR Cameras,4,Cameras and camcorders,379.81
1101,1102,Contoso SLR Camera M145 Blue,Contoso,Blue,157.73,343.0,402,Digital SLR Cameras,4,Cameras and camcorders,185.27
1102,1103,"Contoso SLR Camera 35"" M358 Blue",Contoso,Blue,164.63,358.0,402,Digital SLR Cameras,4,Cameras and camcorders,193.37
1103,1104,Contoso SLR Camera X146 Orange,Contoso,Orange,141.47,427.0,402,Digital SLR Cameras,4,Cameras and camcorders,285.53
1104,1105,"Contoso SLR Camera 35"" X358 Orange",Contoso,Orange,188.19,568.0,402,Digital SLR Cameras,4,Cameras and camcorders,379.81
1105,1106,Contoso SLR Camera M146 Orange,Contoso,Orange,148.08,322.0,402,Digital SLR Cameras,4,Cameras and camcorders,173.92
1106,1107,"Contoso SLR Camera 35"" M358 Orange",Contoso,Orange,164.63,358.0,402,Digital SLR Cameras,4,Cameras and camcorders,193.37
1107,1108,Fabrikam SLR Camera X146 Black,Fabrikam,Black,208.4,629.0,402,Digital SLR Cameras,4,Cameras and camcorders,420.6
1108,1109,"Fabrikam SLR Camera 35"" X358 Black",Fabrikam,Black,144.52,436.2,402,Digital SLR Cameras,4,Cameras and camcorders,291.67999999999995
1109,1110,Fabrikam SLR Camera M146 Black,Fabrikam,Black,138.88,302.0,402,Digital SLR Cameras,4,Cameras and camcorders,163.12
1110,1111,"Fabrikam SLR Camera 35"" M358 Black",Fabrikam,Black,150.84,328.0,402,Digital SLR Cameras,4,Cameras and camcorders,177.16
1111,1112,Fabrikam SLR Camera X147 Silver,Fabrikam,Silver,213.7,645.0,402,Digital SLR Cameras,4,Cameras and camcorders,431.3
1112,1113,"Fabrikam SLR Camera 35"" X358 Silver",Fabrikam,Silver,144.52,436.2,402,Digital SLR Cameras,4,Cameras and camcorders,291.67999999999995
1113,1114,Fabrikam SLR Camera M147 Silver,Fabrikam,Silver,153.59,334.0,402,Digital SLR Cameras,4,Cameras and camcorders,180.41
1114,1115,"Fabrikam SLR Camera 35"" M358 Silver",Fabrikam,Silver,150.84,328.0,402,Digital SLR Cameras,4,Cameras and camcorders,177.16
1115,1116,Fabrikam SLR Camera X147 Grey,Fabrikam,Grey,213.7,645.0,402,Digital SLR Cameras,4,Cameras and camcorders,431.3
1116,1117,"Fabrikam SLR Camera 35"" X358 Grey",Fabrikam,Grey,144.52,436.2,402,Digital SLR Cameras,4,Cameras and camcorders,291.67999999999995
1117,1118,Fabrikam SLR Camera M147 Grey,Fabrikam,Grey,153.59,334.0,402,Digital SLR Cameras,4,Cameras and camcorders,180.41
1118,1119,"Fabrikam SLR Camera 35"" M358 Grey",Fabrikam,Grey,150.84,328.0,402,Digital SLR Cameras,4,Cameras and camcorders,177.16
1119,1120,Fabrikam SLR Camera X148 Silver Grey,Fabrikam,Silver Grey,217.68,657.0,402,Digital SLR Cameras,4,Cameras and camcorders,439.32
1120,1121,"Fabrikam SLR Camera 35"" X358 Silver Grey",Fabrikam,Silver Grey,144.52,436.2,402,Digital SLR Cameras,4,Cameras and camcorders,291.67999999999995
1121,1122,Fabrikam SLR Camera M148 Silver Grey,Fabrikam,Silver Grey,152.68,332.0,402,Digital SLR Cameras,4,Cameras and camcorders,179.32
1122,1123,"Fabrikam SLR Camera 35"" M358 Silver Grey",Fabrikam,Silver Grey,150.84,328.0,402,Digital SLR Cameras,4,Cameras and camcorders,177.16
1123,1124,Fabrikam SLR Camera X148 Gold,Fabrikam,Gold,217.68,657.0,402,Digital SLR Cameras,4,Cameras and camcorders,439.32
1124,1125,"Fabrikam SLR Camera 35"" X358 Gold",Fabrikam,Gold,144.52,436.2,402,Digital SLR Cameras,4,Cameras and camcorders,291.67999999999995
1125,1126,Fabrikam SLR Camera M148 Gold,Fabrikam,Gold,152.68,332.0,402,Digital SLR Cameras,4,Cameras and camcorders,179.32
1126,1127,"Fabrikam SLR Camera 35"" M358 Gold",Fabrikam,Gold,150.84,328.0,402,Digital SLR Cameras,4,Cameras and camcorders,177.16
1127,1128,Fabrikam SLR Camera X149 Pink,Fabrikam,Pink,207.74,627.0,402,Digital SLR Cameras,4,Cameras and camcorders,419.26
1128,1129,"Fabrikam SLR Camera 35"" X358 Pink",Fabrikam,Pink,144.52,436.2,402,Digital SLR Cameras,4,Cameras and camcorders,291.67999999999995
1129,1130,Fabrikam SLR Camera M149 Pink,Fabrikam,Pink,146.7,319.0,402,Digital SLR Cameras,4,Cameras and camcorders,172.3
1130,1131,"Fabrikam SLR Camera 35"" M358 Pink",Fabrikam,Pink,150.84,328.0,402,Digital SLR Cameras,4,Cameras and camcorders,177.16
1131,1132,Fabrikam SLR Camera X149 Blue,Fabrikam,Blue,207.74,627.0,402,Digital SLR Cameras,4,Cameras and camcorders,419.26
1132,1133,"Fabrikam SLR Camera 35"" X358 Blue",Fabrikam,Blue,144.52,436.2,402,Digital SLR Cameras,4,Cameras and camcorders,291.67999999999995
1133,1134,Fabrikam SLR Camera M149 Blue,Fabrikam,Blue,146.7,319.0,402,Digital SLR Cameras,4,Cameras and camcorders,172.3
1134,1135,"Fabrikam SLR Camera 35"" M358 Blue",Fabrikam,Blue,150.84,328.0,402,Digital SLR Cameras,4,Cameras and camcorders,177.16
1135,1136,Fabrikam SLR Camera X150 Orange,Fabrikam,Orange,159.2,480.5,402,Digital SLR Cameras,4,Cameras and camcorders,321.3
1136,1137,"Fabrikam SLR Camera 35"" X358 Orange",Fabrikam,Orange,144.52,436.2,402,Digital SLR Cameras,4,Cameras and camcorders,291.67999999999995
1137,1138,Fabrikam SLR Camera M150 Orange,Fabrikam,Orange,180.22,391.9,402,Digital SLR Cameras,4,Cameras and camcorders,211.67999999999998
1138,1139,"Fabrikam SLR Camera 35"" M358 Orange",Fabrikam,Orange,150.84,328.0,402,Digital SLR Cameras,4,Cameras and camcorders,177.16
1139,1140,Fabrikam SLR Camera X150 Green,Fabrikam,Green,159.2,480.5,402,Digital SLR Cameras,4,Cameras and camcorders,321.3
1140,1141,"Fabrikam SLR Camera 35"" X358 Green",Fabrikam,Green,144.52,436.2,402,Digital SLR Cameras,4,Cameras and camcorders,291.67999999999995
1141,1142,Fabrikam SLR Camera M150 Green,Fabrikam,Green,180.22,391.9,402,Digital SLR Cameras,4,Cameras and camcorders,211.67999999999998
1142,1143,"Fabrikam SLR Camera 35"" M358 Green",Fabrikam,Green,150.84,328.0,402,Digital SLR Cameras,4,Cameras and camcorders,177.16
1143,1144,"Fabrikam Home and Vacation Moviemaker 1"" 25mm M400 Blue",Fabrikam,Blue,275.92,600.0,405,Camcorders,4,Cameras and camcorders,324.08
1144,1145,"Fabrikam Home and Vacation Moviemaker 1/2"" 3mm M300 Orange",Fabrikam,Orange,260.28,566.0,405,Camcorders,4,Cameras and camcorders,305.72
1145,1146,"Fabrikam Home and vacation moviemaker 1/3"" 8.5mm M200 Blue",Fabrikam,Blue,291.09,633.0,405,Camcorders,4,Cameras and camcorders,341.91
1146,1147,Fabrikam Home and vacation moviemaker 2/3'' 17mm M103 Black,Fabrikam,Black,301.21,655.0,405,Camcorders,4,Cameras and camcorders,353.79
1147,1148,Fabrikam Budget Movie-Maker 1'' 25mm E400 Black,Fabrikam,Black,215.15,422.0,405,Camcorders,4,Cameras and camcorders,206.85
1148,1149,Fabrikam Budget Movie-Maker 1/2'' 3mm E300 Black,Fabrikam,Black,220.25,432.0,405,Camcorders,4,Cameras and camcorders,211.75
1149,1150,Fabrikam Budget Movie-Maker 1/3'' 8.5mm E200 Black,Fabrikam,Black,209.54,411.0,405,Camcorders,4,Cameras and camcorders,201.46
1150,1151,Fabrikam Budget Movie-Maker 2/3'' 17mm E100 Black,Fabrikam,Black,209.03,410.0,405,Camcorders,4,Cameras and camcorders,200.97
1151,1152,"Fabrikam Trendsetter 1"" 25mm X400 Blue",Fabrikam,Blue,331.32,1000.0,405,Camcorders,4,Cameras and camcorders,668.6800000000001
1152,1153,Fabrikam Trendsetter 1/2'' 3mm X300 Black,Fabrikam,Black,330.99,999.0,405,Camcorders,4,Cameras and camcorders,668.01
1153,1154,"Fabrikam Trendsetter 1/3"" 8.5mm X200 Blue",Fabrikam,Blue,330.66,998.0,405,Camcorders,4,Cameras and camcorders,667.3399999999999
1154,1155,Fabrikam Trendsetter 2/3'' 17mm X100 Black,Fabrikam,Black,324.69,980.0,405,Camcorders,4,Cameras and camcorders,655.31
1155,1156,Fabrikam Independent Filmmaker 1'' 25mm X400 Black,Fabrikam,Black,530.11,1600.0,405,Camcorders,4,Cameras and camcorders,1069.8899999999999
1156,1157,"Fabrikam Independent Filmmaker 1/2"" 3mm X300 Orange",Fabrikam,Orange,523.49,1580.0,405,Camcorders,4,Cameras and camcorders,1056.51
1157,1158,Fabrikam Independent Filmmaker 1/3'' 8.5mm X200 Black,Fabrikam,Black,516.86,1560.0,405,Camcorders,4,Cameras and camcorders,1043.1399999999999
1158,1159,"Fabrikam Independent Filmmaker 2/3"" 17mm X100 Blue",Fabrikam,Blue,503.61,1520.0,405,Camcorders,4,Cameras and camcorders,1016.39
1159,1160,"Fabrikam Business Videographer 1"" 25mm M600 Blue",Fabrikam,Blue,409.28,890.0,405,Camcorders,4,Cameras and camcorders,480.72
1160,1161,Fabrikam Business Videographer 1/2'' 3mm M500 Black,Fabrikam,Black,404.68,880.0,405,Camcorders,4,Cameras and camcorders,475.32
1161,1162,Fabrikam Business Videographer 1/3'' 8.5mm M380 Black,Fabrikam,Black,395.48,860.0,405,Camcorders,4,Cameras and camcorders,464.52
1162,1163,Fabrikam Business Videographer 2/3'' 17mm M280 Black,Fabrikam,Black,390.88,850.0,405,Camcorders,4,Cameras and camcorders,459.12
1163,1164,Fabrikam Social videographer 1'' 25mm E400 Black,Fabrikam,Black,91.77,180.0,405,Camcorders,4,Cameras and camcorders,88.23
1164,1165,Fabrikam Social Videographer 1/2'' 3mm E300 Black,Fabrikam,Black,86.67,170.0,405,Camcorders,4,Cameras and camcorders,83.33
1165,1166,Fabrikam Social Videographer 1/3'' 8.5mm E200 Black,Fabrikam,Black,84.12,165.0,405,Camcorders,4,Cameras and camcorders,80.88
1166,1167,Fabrikam Social Videographer 2/3'' 17mm E100 Black,Fabrikam,Black,81.57,160.0,405,Camcorders,4,Cameras and camcorders,78.43
1167,1168,Fabrikam Home and Vacation Moviemaker 1'' 25mm M400 White,Fabrikam,White,275.92,600.0,405,Camcorders,4,Cameras and camcorders,324.08
1168,1169,Fabrikam Home and Vacation Moviemaker 1/2'' 3mm M300 White,Fabrikam,White,260.28,566.0,405,Camcorders,4,Cameras and camcorders,305.72
1169,1170,Fabrikam Home and Vacation Moviemaker 1/3'' 8.5mm M200 White,Fabrikam,White,291.09,633.0,405,Camcorders,4,Cameras and camcorders,341.91
1170,1171,Fabrikam Home and Vacation Moviemaker 2/3'' 17mm M103 White,Fabrikam,White,301.21,655.0,405,Camcorders,4,Cameras and camcorders,353.79
1171,1172,Fabrikam Budget Moviemaker 1'' 25mm E400 White,Fabrikam,White,215.15,422.0,405,Camcorders,4,Cameras and camcorders,206.85
1172,1173,Fabrikam Budget Moviemaker 1/2'' 3mm E300 White,Fabrikam,White,220.25,432.0,405,Camcorders,4,Cameras and camcorders,211.75
1173,1174,Fabrikam Budget Moviemaker 1/3'' 8.5mm E200 White,Fabrikam,White,209.54,411.0,405,Camcorders,4,Cameras and camcorders,201.46
1174,1175,Fabrikam Budget Moviemaker 2/3'' 17mm E100 White,Fabrikam,White,209.03,410.0,405,Camcorders,4,Cameras and camcorders,200.97
1175,1176,Fabrikam Trendsetter 1'' 25mm X400 White,Fabrikam,White,331.32,1000.0,405,Camcorders,4,Cameras and camcorders,668.6800000000001
1176,1177,Fabrikam Trendsetter 1/2'' 3mm X300 White,Fabrikam,White,330.99,999.0,405,Camcorders,4,Cameras and camcorders,668.01
1177,1178,Fabrikam Trendsetter 1/3'' 8.5mm X200 White,Fabrikam,White,330.66,998.0,405,Camcorders,4,Cameras and camcorders,667.3399999999999
1178,1179,Fabrikam Trendsetter 2/3'' 17mm X100 White,Fabrikam,White,324.69,980.0,405,Camcorders,4,Cameras and camcorders,655.31
1179,1180,Fabrikam Independent filmmaker 1'' 25mm X400 White,Fabrikam,White,530.11,1600.0,405,Camcorders,4,Cameras and camcorders,1069.8899999999999
1180,1181,Fabrikam Independent filmmaker 1/2'' 3mm X300 White,Fabrikam,White,523.49,1580.0,405,Camcorders,4,Cameras and camcorders,1056.51
1181,1182,Fabrikam Independent filmmaker 1/3'' 8.5mm X200 White,Fabrikam,White,516.86,1560.0,405,Camcorders,4,Cameras and camcorders,1043.1399999999999
1182,1183,Fabrikam Independent filmmaker 2/3'' 17mm X100 White,Fabrikam,White,503.61,1520.0,405,Camcorders,4,Cameras and camcorders,1016.39
1183,1184,Fabrikam Business Videographer 1'' 25mm M600 White,Fabrikam,White,409.28,890.0,405,Camcorders,4,Cameras and camcorders,480.72
1184,1185,"Fabrikam Business Videographer 1/2"" 3mm M500 Orange",Fabrikam,Orange,404.68,880.0,405,Camcorders,4,Cameras and camcorders,475.32
1185,1186,"Fabrikam Business Videographer 1/3"" 8.5mm M380 Orange",Fabrikam,Orange,395.48,860.0,405,Camcorders,4,Cameras and camcorders,464.52
1186,1187,"Fabrikam Business Videographer 2/3"" 17mm M280 Orange",Fabrikam,Orange,390.88,850.0,405,Camcorders,4,Cameras and camcorders,459.12
1187,1188,"Fabrikam Social Videographer 1"" 25mm E400 Orange",Fabrikam,Orange,91.77,180.0,405,Camcorders,4,Cameras and camcorders,88.23
1188,1189,"Fabrikam Social Videographer 1/2"" 3mm E300 Orange",Fabrikam,Orange,86.67,170.0,405,Camcorders,4,Cameras and camcorders,83.33
1189,1190,"Fabrikam Social Videographer 1/3"" 8.5mm E200 Orange",Fabrikam,Orange,84.12,165.0,405,Camcorders,4,Cameras and camcorders,80.88
1190,1191,"Fabrikam Social Videographer 2/3"" 17mm E100 Orange",Fabrikam,Orange,81.57,160.0,405,Camcorders,4,Cameras and camcorders,78.43
1191,1192,Fabrikam Home and Vacation Moviemaker 1'' 25mm M400 Grey,Fabrikam,Grey,275.92,600.0,405,Camcorders,4,Cameras and camcorders,324.08
1192,1193,Fabrikam Home and Vacation Moviemaker 1/2'' 3mm M300 Grey,Fabrikam,Grey,260.28,566.0,405,Camcorders,4,Cameras and camcorders,305.72
1193,1194,Fabrikam Home and Vacation Moviemaker 1/3'' 8.5mm M200 Grey,Fabrikam,Grey,291.09,633.0,405,Camcorders,4,Cameras and camcorders,341.91
1194,1195,Fabrikam Home and Vacation Moviemaker 2/3'' 17mm M103 Grey,Fabrikam,Grey,301.21,655.0,405,Camcorders,4,Cameras and camcorders,353.79
1195,1196,Fabrikam Budget Moviemaker 1'' 25mm E400 Grey,Fabrikam,Grey,215.15,422.0,405,Camcorders,4,Cameras and camcorders,206.85
1196,1197,Fabrikam Budget Moviemaker 1/2'' 3mm E300 Grey,Fabrikam,Grey,220.25,432.0,405,Camcorders,4,Cameras and camcorders,211.75
1197,1198,Fabrikam Budget Moviemaker 1/3'' 8.5mm E200 Grey,Fabrikam,Grey,209.54,411.0,405,Camcorders,4,Cameras and camcorders,201.46
1198,1199,Fabrikam Budget Moviemaker 2/3'' 17mm E100 Grey,Fabrikam,Grey,209.03,410.0,405,Camcorders,4,Cameras and camcorders,200.97
1199,1200,Fabrikam Trendsetter 1'' 25mm X400 Grey,Fabrikam,Grey,331.32,1000.0,405,Camcorders,4,Cameras and camcorders,668.6800000000001
1200,1201,Fabrikam Trendsetter 1/2'' 3mm X300 Grey,Fabrikam,Grey,330.99,999.0,405,Camcorders,4,Cameras and camcorders,668.01
1201,1202,Fabrikam Trendsetter 1/3'' 8.5mm X200 Grey,Fabrikam,Grey,330.66,998.0,405,Camcorders,4,Cameras and camcorders,667.3399999999999
1202,1203,Fabrikam Trendsetter 2/3'' 17mm X100 Grey,Fabrikam,Grey,324.69,980.0,405,Camcorders,4,Cameras and camcorders,655.31
1203,1204,Fabrikam Independent Filmmaker 1'' 25mm X400 Grey,Fabrikam,Grey,530.11,1600.0,405,Camcorders,4,Cameras and camcorders,1069.8899999999999
1204,1205,Fabrikam Independent Filmmaker 1/2'' 3mm X300 Grey,Fabrikam,Grey,523.49,1580.0,405,Camcorders,4,Cameras and camcorders,1056.51
1205,1206,Fabrikam Independent Filmmaker 1/3'' 8.5mm X200 Grey,Fabrikam,Grey,516.86,1560.0,405,Camcorders,4,Cameras and camcorders,1043.1399999999999
1206,1207,Fabrikam Independent Filmmaker 2/3'' 17mm X100 Grey,Fabrikam,Grey,503.61,1520.0,405,Camcorders,4,Cameras and camcorders,1016.39
1207,1208,Fabrikam Business Videographer 1'' 25mm M600 Grey,Fabrikam,Grey,409.28,890.0,405,Camcorders,4,Cameras and camcorders,480.72
1208,1209,Fabrikam Business Videographer 1/2'' 3mm M500 Grey,Fabrikam,Grey,404.68,880.0,405,Camcorders,4,Cameras and camcorders,475.32
1209,1210,Fabrikam Business Videographer 1/3'' 8.5mm M380 Grey,Fabrikam,Grey,395.48,860.0,405,Camcorders,4,Cameras and camcorders,464.52
1210,1211,Fabrikam Business Videographer 2/3'' 17mm M280 Grey,Fabrikam,Grey,390.88,850.0,405,Camcorders,4,Cameras and camcorders,459.12
1211,1212,Fabrikam Social Videographer 1'' 25mm E400 Grey,Fabrikam,Grey,91.77,180.0,405,Camcorders,4,Cameras and camcorders,88.23
1212,1213,Fabrikam Social Videographer 1/2'' 3mm E300 Grey,Fabrikam,Grey,86.67,170.0,405,Camcorders,4,Cameras and camcorders,83.33
1213,1214,Fabrikam Social Videographer 1/3'' 8.5mm E200 Grey,Fabrikam,Grey,84.12,165.0,405,Camcorders,4,Cameras and camcorders,80.88
1214,1215,Fabrikam Social Videographer 2/3'' 17mm E100 Grey,Fabrikam,Grey,81.57,160.0,405,Camcorders,4,Cameras and camcorders,78.43
1215,1216,Fabrikam Home and Vacation Moviemaker 1'' 25mm M400 Black,Fabrikam,Black,285.12,620.0,405,Camcorders,4,Cameras and camcorders,334.88
1216,1217,Fabrikam Home and Vacation Moviemaker 1/2'' 3mm M300 Black,Fabrikam,Black,255.68,556.0,405,Camcorders,4,Cameras and camcorders,300.32
1217,1218,Fabrikam Home and Vacation Moviemaker 1/3'' 8.5mm M200 Black,Fabrikam,Black,293.39,638.0,405,Camcorders,4,Cameras and camcorders,344.61
1218,1219,"Fabrikam Home and Vacation Moviemaker 2/3"" 17mm M103 Blue",Fabrikam,Blue,305.81,665.0,405,Camcorders,4,Cameras and camcorders,359.19
1219,1220,Fabrikam Budget Moviemaker 1'' 25mm E400 Black,Fabrikam,Black,230.44,452.0,405,Camcorders,4,Cameras and camcorders,221.56
1220,1221,Fabrikam Budget Moviemaker 1/2'' 3mm E300 Black,Fabrikam,Black,245.74,482.0,405,Camcorders,4,Cameras and camcorders,236.26
1221,1222,Fabrikam Budget Moviemaker 1/3'' 8.5mm E200 Black,Fabrikam,Black,219.74,431.0,405,Camcorders,4,Cameras and camcorders,211.26
1222,1223,Fabrikam Budget Moviemaker 2/3'' 17mm E100 Black,Fabrikam,Black,234.52,460.0,405,Camcorders,4,Cameras and camcorders,225.48
1223,1224,Fabrikam Trendsetter 1'' 25mm X400 Black,Fabrikam,Black,341.26,1030.0,405,Camcorders,4,Cameras and camcorders,688.74
1224,1225,"Fabrikam Trendsetter 1/2"" 3mm X300 Orange",Fabrikam,Orange,331.32,1000.0,405,Camcorders,4,Cameras and camcorders,668.6800000000001
1225,1226,Fabrikam Trendsetter 1/3'' 8.5mm X200 Black,Fabrikam,Black,330.99,999.0,405,Camcorders,4,Cameras and camcorders,668.01
1226,1227,"Fabrikam Trendsetter 2/3"" 17mm X100 Orange",Fabrikam,Orange,327.34,988.0,405,Camcorders,4,Cameras and camcorders,660.6600000000001
1227,1228,"Fabrikam Independent Filmmaker 1"" 25mm X400 Blue",Fabrikam,Blue,536.74,1620.0,405,Camcorders,4,Cameras and camcorders,1083.26
1228,1229,Fabrikam Independent Filmmaker 1/2'' 3mm X300 Black,Fabrikam,Black,516.86,1560.0,405,Camcorders,4,Cameras and camcorders,1043.1399999999999
1229,1230,"Fabrikam Independent Filmmaker 1/3"" 8.5mm X200 Blue",Fabrikam,Blue,506.92,1530.0,405,Camcorders,4,Cameras and camcorders,1023.0799999999999
1230,1231,Fabrikam Independent Filmmaker 2/3'' 17mm X100 Black,Fabrikam,Black,496.98,1500.0,405,Camcorders,4,Cameras and camcorders,1003.02
1231,1232,Fabrikam Business Videographer 1'' 25mm M600 Black,Fabrikam,Black,408.36,888.0,405,Camcorders,4,Cameras and camcorders,479.64
1232,1233,"Fabrikam Business Videographer 1/2"" 3mm M500 Blue",Fabrikam,Blue,403.76,878.0,405,Camcorders,4,Cameras and camcorders,474.24
1233,1234,"Fabrikam Business Videographer 1/3"" 8.5mm M380 Blue",Fabrikam,Blue,393.64,856.0,405,Camcorders,4,Cameras and camcorders,462.36
1234,1235,"Fabrikam Business Videographer 2/3"" 17mm M280 Blue",Fabrikam,Blue,385.37,838.0,405,Camcorders,4,Cameras and camcorders,452.63
1235,1236,"Fabrikam Social Videographer 1"" 25mm E400 Blue",Fabrikam,Blue,95.85,188.0,405,Camcorders,4,Cameras and camcorders,92.15
1236,1237,"Fabrikam Social Videographer 1/2"" 3mm E300 Blue",Fabrikam,Blue,90.75,178.0,405,Camcorders,4,Cameras and camcorders,87.25
1237,1238,"Fabrikam Social Videographer 1/3"" 8.5mm E200 Blue",Fabrikam,Blue,85.65,168.0,405,Camcorders,4,Cameras and camcorders,82.35
1238,1239,"Fabrikam Social Videographer 2/3"" 17mm E100 Blue",Fabrikam,Blue,80.55,158.0,405,Camcorders,4,Cameras and camcorders,77.45
1239,1240,Fabrikam Business Videographer 1/2'' 3mm M500 White,Fabrikam,White,403.76,878.0,405,Camcorders,4,Cameras and camcorders,474.24
1240,1241,Fabrikam Business Videographer 1/3'' 8.5mm M380 White,Fabrikam,White,393.64,856.0,405,Camcorders,4,Cameras and camcorders,462.36
1241,1242,Fabrikam Business Videographer 2/3'' 17mm M280 White,Fabrikam,White,385.37,838.0,405,Camcorders,4,Cameras and camcorders,452.63
1242,1243,Fabrikam Social Videographer 1'' 25mm E400 White,Fabrikam,White,95.85,188.0,405,Camcorders,4,Cameras and camcorders,92.15
1243,1244,Fabrikam Social Videographer 1/2'' 3mm E300 White,Fabrikam,White,90.75,178.0,405,Camcorders,4,Cameras and camcorders,87.25
1244,1245,Fabrikam Social Videographer 1/3'' 8.5mm E200 White,Fabrikam,White,85.65,168.0,405,Camcorders,4,Cameras and camcorders,82.35
1245,1246,Fabrikam Social Videographer 2/3'' 17mm E100 White,Fabrikam,White,80.55,158.0,405,Camcorders,4,Cameras and camcorders,77.45
1246,1247,Contoso Rechargeable Li-Ion Battery Pack E300 Silver,Contoso,Silver,25.49,49.99,406,Cameras & Camcorders Accessories,4,Cameras and camcorders,24.500000000000004
1247,1248,Contoso Rechargeable Li-Ion Battery Pack E300 Black,Contoso,Black,25.49,49.99,406,Cameras & Camcorders Accessories,4,Cameras and camcorders,24.500000000000004
1248,1249,Contoso Rechargeable Li-Ion Battery Pack E300 White,Contoso,White,25.49,49.99,406,Cameras & Camcorders Accessories,4,Cameras and camcorders,24.500000000000004
1249,1250,Contoso Travel Charger for S-Series Battery E302 Silver,Contoso,Silver,30.58,59.99,406,Cameras & Camcorders Accessories,4,Cameras and camcorders,29.410000000000004
1250,1251,Contoso Travel Charger for S-Series Battery E302 Black,Contoso,Black,30.58,59.99,406,Cameras & Camcorders Accessories,4,Cameras and camcorders,29.410000000000004
1251,1252,Contoso Travel Charger for S-Series Battery E302 White,Contoso,White,30.58,59.99,406,Cameras & Camcorders Accessories,4,Cameras and camcorders,29.410000000000004
1252,1253,Contoso General Carrying Case E304 Silver,Contoso,Silver,10.19,19.99,406,Cameras & Camcorders Accessories,4,Cameras and camcorders,9.799999999999999
1253,1254,Contoso General Carrying Case E304 Black,Contoso,Black,10.19,19.99,406,Cameras & Camcorders Accessories,4,Cameras and camcorders,9.799999999999999
1254,1255,Contoso General Carrying Case E304 White,Contoso,White,10.19,19.99,406,Cameras & Camcorders Accessories,4,Cameras and camcorders,9.799999999999999
1255,1256,Contoso General Carrying Case E304 Blue,Contoso,Blue,10.19,19.99,406,Cameras & Camcorders Accessories,4,Cameras and camcorders,9.799999999999999
1256,1257,Contoso Cyber Shot Digital Cameras Adapter E306 Pink,Contoso,Pink,20.39,39.99,406,Cameras & Camcorders Accessories,4,Cameras and camcorders,19.6
1257,1258,Contoso Cyber Shot Digital Cameras Adapter E306 Blue,Contoso,Blue,20.39,39.99,406,Cameras & Camcorders Accessories,4,Cameras and camcorders,19.6
1258,1259,Contoso Cyber Shot Digital Cameras Adapter E306 Black,Contoso,Black,20.39,39.99,406,Cameras & Camcorders Accessories,4,Cameras and camcorders,19.6
1259,1260,Contoso Multi-Use Terminal Cable E308 Silver,Contoso,Silver,18.86,36.99,406,Cameras & Camcorders Accessories,4,Cameras and camcorders,18.130000000000003
1260,1261,Contoso Multi-Use Terminal Cable E308 White,Contoso,White,18.86,36.99,406,Cameras & Camcorders Accessories,4,Cameras and camcorders,18.130000000000003
1261,1262,Contoso Multi-Use Terminal Cable E308 Black,Contoso,Black,18.86,36.99,406,Cameras & Camcorders Accessories,4,Cameras and camcorders,18.130000000000003
1262,1263,Contoso Rechargeable Battery Pack E310 Silver,Contoso,Silver,35.68,69.99,406,Cameras & Camcorders Accessories,4,Cameras and camcorders,34.309999999999995
1263,1264,Contoso Rechargeable Battery Pack E310 Black,Contoso,Black,35.68,69.99,406,Cameras & Camcorders Accessories,4,Cameras and camcorders,34.309999999999995
1264,1265,Contoso Rechargeable Battery Pack E310 White,Contoso,White,35.68,69.99,406,Cameras & Camcorders Accessories,4,Cameras and camcorders,34.309999999999995
1265,1266,Contoso Carrying Case E312 Silver,Contoso,Silver,25.47,49.96,406,Cameras & Camcorders Accessories,4,Cameras and camcorders,24.490000000000002
1266,1267,Contoso Carrying Case E312 Pink,Contoso,Pink,25.47,49.96,406,Cameras & Camcorders Accessories,4,Cameras and camcorders,24.490000000000002
1267,1268,Contoso Carrying Case E312 White,Contoso,White,25.47,49.96,406,Cameras & Camcorders Accessories,4,Cameras and camcorders,24.490000000000002
1268,1269,Contoso Carrying Case E312 Blue,Contoso,Blue,25.47,49.96,406,Cameras & Camcorders Accessories,4,Cameras and camcorders,24.490000000000002
1269,1270,Contoso Lens Cap Keeper E314 Pink,Contoso,Pink,3.54,6.95,406,Cameras & Camcorders Accessories,4,Cameras and camcorders,3.41
1270,1271,Contoso Lens Cap Keeper E314 Yellow,Contoso,Yellow,3.54,6.95,406,Cameras & Camcorders Accessories,4,Cameras and camcorders,3.41
1271,1272,Contoso Lens Cap Keeper E314 White,Contoso,White,3.54,6.95,406,Cameras & Camcorders Accessories,4,Cameras and camcorders,3.41
1272,1273,Contoso Lens Cap Keeper E314 Silver,Contoso,Silver,3.54,6.95,406,Cameras & Camcorders Accessories,4,Cameras and camcorders,3.41
1273,1274,Contoso Digital Cameras Lightweight Tripod E316 White,Contoso,White,26.58,52.13,406,Cameras & Camcorders Accessories,4,Cameras and camcorders,25.550000000000004
1274,1275,Contoso Digital Cameras Lightweight Tripod E316 Black,Contoso,Black,26.58,52.13,406,Cameras & Camcorders Accessories,4,Cameras and camcorders,25.550000000000004
1275,1276,Contoso Digital Cameras Lightweight Tripod E316 Pink,Contoso,Pink,26.58,52.13,406,Cameras & Camcorders Accessories,4,Cameras and camcorders,25.550000000000004
1276,1277,Contoso Digital Cameras Lightweight Tripod E316 Silver,Contoso,Silver,26.58,52.13,406,Cameras & Camcorders Accessories,4,Cameras and camcorders,25.550000000000004
1277,1278,Contoso General Soft Carrying Case E318 Blue,Contoso,Blue,7.64,14.99,406,Cameras & Camcorders Accessories,4,Cameras and camcorders,7.3500000000000005
1278,1279,Contoso General Soft Carrying Case E318 Black,Contoso,Black,7.64,14.99,406,Cameras & Camcorders Accessories,4,Cameras and camcorders,7.3500000000000005
1279,1280,Contoso General Soft Carrying Case E318 Silver,Contoso,Silver,7.64,14.99,406,Cameras & Camcorders Accessories,4,Cameras and camcorders,7.3500000000000005
1280,1281,Contoso General Soft Carrying Case E318 White,Contoso,White,7.64,14.99,406,Cameras & Camcorders Accessories,4,Cameras and camcorders,7.3500000000000005
1281,1282,Contoso Mini Battery Charger Kit E320 Red,Contoso,Red,12.74,24.99,406,Cameras & Camcorders Accessories,4,Cameras and camcorders,12.249999999999998
1282,1283,Contoso Mini Battery Charger Kit E320 White,Contoso,White,12.74,24.99,406,Cameras & Camcorders Accessories,4,Cameras and camcorders,12.249999999999998
1283,1284,Contoso Mini Battery Charger Kit E320 Black,Contoso,Black,12.74,24.99,406,Cameras & Camcorders Accessories,4,Cameras and camcorders,12.249999999999998
1284,1285,Contoso Mini Battery Charger Kit E320 Silver,Contoso,Silver,12.74,24.99,406,Cameras & Camcorders Accessories,4,Cameras and camcorders,12.249999999999998
1285,1286,Contoso Genuine Leather Grip Belt E322 Black,Contoso,Black,39.76,77.99,406,Cameras & Camcorders Accessories,4,Cameras and camcorders,38.23
1286,1287,Contoso Genuine Leather Grip Belt E322 White,Contoso,White,39.76,77.99,406,Cameras & Camcorders Accessories,4,Cameras and camcorders,38.23
1287,1288,Contoso Genuine Leather Grip Belt E322 Silver,Contoso,Silver,39.76,77.99,406,Cameras & Camcorders Accessories,4,Cameras and camcorders,38.23
1288,1289,Contoso Genuine Leather Grip Belt E322 Grey,Contoso,Grey,39.76,77.99,406,Cameras & Camcorders Accessories,4,Cameras and camcorders,38.23
1289,1290,Contoso Macro Zoom Lens X300 Silver,Contoso,Silver,121.45,366.55,406,Cameras & Camcorders Accessories,4,Cameras and camcorders,245.10000000000002
1290,1291,Contoso Macro Zoom Lens X300 White,Contoso,White,121.45,366.55,406,Cameras & Camcorders Accessories,4,Cameras and camcorders,245.10000000000002
1291,1292,Contoso Macro Zoom Lens X300 Black,Contoso,Black,121.45,366.55,406,Cameras & Camcorders Accessories,4,Cameras and camcorders,245.10000000000002
1292,1293,Contoso Telephoto Conversion Lens X400 Silver,Contoso,Silver,197.14,595.0,406,Cameras & Camcorders Accessories,4,Cameras and camcorders,397.86
1293,1294,Contoso Telephoto Conversion Lens X400 White,Contoso,White,197.14,595.0,406,Cameras & Camcorders Accessories,4,Cameras and camcorders,397.86
1294,1295,Contoso Telephoto Conversion Lens X400 Black,Contoso,Black,197.14,595.0,406,Cameras & Camcorders Accessories,4,Cameras and camcorders,397.86
1295,1296,Contoso USB Cable M250 Black,Contoso,Black,11.5,25.0,406,Cameras & Camcorders Accessories,4,Cameras and camcorders,13.5
1296,1297,Contoso USB Cable M250 White,Contoso,White,11.5,25.0,406,Cameras & Camcorders Accessories,4,Cameras and camcorders,13.5
1297,1298,Contoso USB Cable M250 Yellow,Contoso,Yellow,11.5,25.0,406,Cameras & Camcorders Accessories,4,Cameras and camcorders,13.5
1298,1299,Contoso USB Cable M250 Blue,Contoso,Blue,11.5,25.0,406,Cameras & Camcorders Accessories,4,Cameras and camcorders,13.5
1299,1300,Contoso Telephoto Conversion Lens M350 Black,Contoso,Black,43.69,95.0,406,Cameras & Camcorders Accessories,4,Cameras and camcorders,51.31
1300,1301,Contoso Telephoto Conversion Lens M350 White,Contoso,White,43.69,95.0,406,Cameras & Camcorders Accessories,4,Cameras and camcorders,51.31
1301,1302,Contoso Telephoto Conversion Lens M350 Silver,Contoso,Silver,43.69,95.0,406,Cameras & Camcorders Accessories,4,Cameras and camcorders,51.31
1302,1303,Contoso Telephoto Conversion Lens M350 Blue,Contoso,Blue,43.69,95.0,406,Cameras & Camcorders Accessories,4,Cameras and camcorders,51.31
1303,1304,Contoso Lens Adapter M450 White,Contoso,White,31.27,68.0,406,Cameras & Camcorders Accessories,4,Cameras and camcorders,36.730000000000004
1304,1305,Contoso Lens Adapter M450 Silver,Contoso,Silver,31.27,68.0,406,Cameras & Camcorders Accessories,4,Cameras and camcorders,36.730000000000004
1305,1306,Contoso Lens Adapter M450 Black,Contoso,Black,31.27,68.0,406,Cameras & Camcorders Accessories,4,Cameras and camcorders,36.730000000000004
1306,1307,Contoso Lens Adapter M450 Grey,Contoso,Grey,31.27,68.0,406,Cameras & Camcorders Accessories,4,Cameras and camcorders,36.730000000000004
1307,1308,Contoso Digital Camera/Camcorder USB Cable E324 Purple,Contoso,Purple,14.28,28.0,406,Cameras & Camcorders Accessories,4,Cameras and camcorders,13.72
1308,1309,Contoso Digital Camera/Camcorder USB Cable E324 Black,Contoso,Black,14.28,28.0,406,Cameras & Camcorders Accessories,4,Cameras and camcorders,13.72
1309,1310,Contoso Digital Camera/Camcorder USB Cable E324 Silver,Contoso,Silver,14.28,28.0,406,Cameras & Camcorders Accessories,4,Cameras and camcorders,13.72
1310,1311,Contoso Digital Camera/Camcorder USB Cable E324 White,Contoso,White,14.28,28.0,406,Cameras & Camcorders Accessories,4,Cameras and camcorders,13.72
1311,1312,Contoso Conversion Lens M550 Blue,Contoso,Blue,94.27,205.0,406,Cameras & Camcorders Accessories,4,Cameras and camcorders,110.73
1312,1313,Contoso Conversion Lens M550 Black,Contoso,Black,94.27,205.0,406,Cameras & Camcorders Accessories,4,Cameras and camcorders,110.73
1313,1314,Contoso Conversion Lens M550 Silver,Contoso,Silver,94.27,205.0,406,Cameras & Camcorders Accessories,4,Cameras and camcorders,110.73
1314,1315,Contoso Conversion Lens M550 Pink,Contoso,Pink,94.27,205.0,406,Cameras & Camcorders Accessories,4,Cameras and camcorders,110.73
1315,1316,Contoso Single-line phones E10 Black,Contoso,Black,5.09,9.99,501,Home & Office Phones,5,Cell phones,4.9
1316,1317,Contoso Dual Handset Cordless Phone System  E20 Black,Contoso,Black,6.62,12.99,501,Home & Office Phones,5,Cell phones,6.37
1317,1318,Contoso 3 Handset Cordless Phone System  E30 Black,Contoso,Black,8.66,16.99,501,Home & Office Phones,5,Cell phones,8.329999999999998
1318,1319,Contoso Multi-line phones M30 Black,Contoso,Black,10.57,22.99,501,Home & Office Phones,5,Cell phones,12.419999999999998
1319,1320,Contoso KSU-less key system M38 Black,Contoso,Black,12.41,26.99,501,Home & Office Phones,5,Cell phones,14.579999999999998
1320,1321,Contoso Hybrid system M60 Black,Contoso,Black,13.33,28.99,501,Home & Office Phones,5,Cell phones,15.659999999999998
1321,1322,Contoso Private Branch Exchange M88 Black,Contoso,Black,15.17,32.99,501,Home & Office Phones,5,Cell phones,17.82
1322,1323,Contoso 4 Handset Cordless Phone System M86 Black,Contoso,Black,16.55,35.99,501,Home & Office Phones,5,Cell phones,19.44
1323,1324,Contoso Private Automatic Branch Exchange M65 Black,Contoso,Black,17.93,38.99,501,Home & Office Phones,5,Cell phones,21.060000000000002
1324,1325,Contoso Electronic Private Automatic Branch Exchange M90 Black,Contoso,Black,18.39,39.99,501,Home & Office Phones,5,Cell phones,21.6
1325,1326,Contoso Centrex Phone System L10 Black,Contoso,Black,14.24,42.99,501,Home & Office Phones,5,Cell phones,28.75
1326,1327,Contoso In front of Centrex L15 Black,Contoso,Black,15.57,46.99,501,Home & Office Phones,5,Cell phones,31.42
1327,1328,Contoso behind Centrex X15 Black,Contoso,Black,16.56,49.99,501,Home & Office Phones,5,Cell phones,33.43000000000001
1328,1329,Contoso Phone with 13-Number Memory (210) M301 Black,Contoso,Black,7.81,16.99,501,Home & Office Phones,5,Cell phones,9.18
1329,1330,Contoso Expandable Cordless Phone System M008 Black,Contoso,Black,10.57,22.99,501,Home & Office Phones,5,Cell phones,12.419999999999998
1330,1331,Contoso Phone System Accessory Handset with Charger M308 Black,Contoso,Black,12.41,26.99,501,Home & Office Phones,5,Cell phones,14.579999999999998
1331,1332,Contoso 2-Line Corded Cordless Telephone M202 Black,Contoso,Black,13.33,28.99,501,Home & Office Phones,5,Cell phones,15.659999999999998
1332,1333,Contoso 4-Line Corded Cordless Telephone M203 Black,Contoso,Black,15.17,32.99,501,Home & Office Phones,5,Cell phones,17.82
1333,1334,Contoso Expandable 3-Handset Cordless Phone System M204 Black,Contoso,Black,16.55,35.99,501,Home & Office Phones,5,Cell phones,19.44
1334,1335,Contoso Expandable 2-Handset Cordless Phone System M205 Black,Contoso,Black,18.48,40.19,501,Home & Office Phones,5,Cell phones,21.709999999999997
1335,1336,Contoso Expandable 4-Handset Cordless Phone System M206 Black,Contoso,Black,20.15,43.81,501,Home & Office Phones,5,Cell phones,23.660000000000004
1336,1337,Contoso Expandable1-Handset Cordless Phone System M207 Black,Contoso,Black,21.82,47.44,501,Home & Office Phones,5,Cell phones,25.619999999999997
1337,1338,Contoso Digital Cordless Expansion Handset Phone M900 Black,Contoso,Black,15.17,32.99,501,Home & Office Phones,5,Cell phones,17.82
1338,1339,Contoso 2-Line Speakerphone M109 Black,Contoso,Black,16.55,35.99,501,Home & Office Phones,5,Cell phones,19.44
1339,1340,Contoso Phone with Memory Dialing-single line E88 Black,Contoso,Black,7.23,14.19,501,Home & Office Phones,5,Cell phones,6.959999999999999
1340,1341,Contoso Phone with Memory Dialing-2 lines E90 Black,Contoso,Black,8.16,16.0,501,Home & Office Phones,5,Cell phones,7.84
1341,1342,Contoso Integrated Business Phone With card L10 Black,Contoso,Black,13.92,42.0,501,Home & Office Phones,5,Cell phones,28.08
1342,1343,Contoso Integrated Business Phone L08 Black,Contoso,Black,10.27,31.0,501,Home & Office Phones,5,Cell phones,20.73
1343,1344,Contoso Phone for MSN E200 Black,Contoso,Black,8.16,16.0,501,Home & Office Phones,5,Cell phones,7.84
1344,1345,Contoso 4-Line Expandable Cordless Phone System M900 Black,Contoso,Black,10.12,22.0,501,Home & Office Phones,5,Cell phones,11.88
1345,1346,Contoso Lifestyles Series - Big Button Cordless phone M800 Black,Contoso,Black,10.58,23.0,501,Home & Office Phones,5,Cell phones,12.42
1346,1347,Contoso Bedroom Phone with AM/FM Stereo and Call Waiting Caller ID M600 Black,Contoso,Black,9.66,21.0,501,Home & Office Phones,5,Cell phones,11.34
1347,1348,Contoso Waterproof Accessory Handset and Charging Cradle M609 Black,Contoso,Black,10.57,22.99,501,Home & Office Phones,5,Cell phones,12.419999999999998
1348,1349,Contoso Single-line phones E10 White,Contoso,White,5.09,9.99,501,Home & Office Phones,5,Cell phones,4.9
1349,1350,Contoso Dual Handset Cordless Phone System E20 White,Contoso,White,6.62,12.99,501,Home & Office Phones,5,Cell phones,6.37
1350,1351,Contoso 3 Handset Cordless Phone System E30 White,Contoso,White,8.66,16.99,501,Home & Office Phones,5,Cell phones,8.329999999999998
1351,1352,Contoso Multi-line phones M30 White,Contoso,White,10.57,22.99,501,Home & Office Phones,5,Cell phones,12.419999999999998
1352,1353,Contoso KSU-less key system M38 White,Contoso,White,12.41,26.99,501,Home & Office Phones,5,Cell phones,14.579999999999998
1353,1354,Contoso Hybrid system M60 White,Contoso,White,13.33,28.99,501,Home & Office Phones,5,Cell phones,15.659999999999998
1354,1355,Contoso Private Branch Exchange M88 White,Contoso,White,15.17,32.99,501,Home & Office Phones,5,Cell phones,17.82
1355,1356,Contoso 4 Handset Cordless Phone System M86 White,Contoso,White,16.55,35.99,501,Home & Office Phones,5,Cell phones,19.44
1356,1357,Contoso Private Automatic Branch Exchange M65 White,Contoso,White,17.93,38.99,501,Home & Office Phones,5,Cell phones,21.060000000000002
1357,1358,Contoso Electronic Private Automatic Branch Exchange M90 White,Contoso,White,18.39,39.99,501,Home & Office Phones,5,Cell phones,21.6
1358,1359,Contoso Centrex Phone System L10 White,Contoso,White,14.24,42.99,501,Home & Office Phones,5,Cell phones,28.75
1359,1360,Contoso In front of Centrex L15 White,Contoso,White,15.57,46.99,501,Home & Office Phones,5,Cell phones,31.42
1360,1361,Contoso Behind Centrex X15 White,Contoso,White,16.56,49.99,501,Home & Office Phones,5,Cell phones,33.43000000000001
1361,1362,Contoso Phone with 13-Number Memory (210) M301 White,Contoso,White,7.81,16.99,501,Home & Office Phones,5,Cell phones,9.18
1362,1363,Contoso Expandable Cordless Phone System M008 White,Contoso,White,10.57,22.99,501,Home & Office Phones,5,Cell phones,12.419999999999998
1363,1364,Contoso Phone System Accessory Handset with Charger M308 White,Contoso,White,12.41,26.99,501,Home & Office Phones,5,Cell phones,14.579999999999998
1364,1365,Contoso 2-Line Corded Cordless Telephone M202 White,Contoso,White,13.33,28.99,501,Home & Office Phones,5,Cell phones,15.659999999999998
1365,1366,Contoso 4-Line Corded Cordless Telephone M203 White,Contoso,White,15.17,32.99,501,Home & Office Phones,5,Cell phones,17.82
1366,1367,Contoso Expandable 3-Handset Cordless Phone System M204 White,Contoso,White,16.55,35.99,501,Home & Office Phones,5,Cell phones,19.44
1367,1368,Contoso Expandable 2-Handset Cordless Phone System M205 White,Contoso,White,18.48,40.19,501,Home & Office Phones,5,Cell phones,21.709999999999997
1368,1369,Contoso Expandable 4-Handset Cordless Phone System M206 White,Contoso,White,20.15,43.81,501,Home & Office Phones,5,Cell phones,23.660000000000004
1369,1370,Contoso Expandable1-Handset Cordless Phone System M207 White,Contoso,White,21.82,47.44,501,Home & Office Phones,5,Cell phones,25.619999999999997
1370,1371,Contoso Digital Cordless Expansion Handset Phone M900 White,Contoso,White,15.17,32.99,501,Home & Office Phones,5,Cell phones,17.82
1371,1372,Contoso 2-Line Speakerphone M109 White,Contoso,White,16.55,35.99,501,Home & Office Phones,5,Cell phones,19.44
1372,1373,Contoso Phone with Memory Dialing-single line E88 White,Contoso,White,7.23,14.19,501,Home & Office Phones,5,Cell phones,6.959999999999999
1373,1374,Contoso Phone with Memory Dialing-2 lines E90 White,Contoso,White,8.16,16.0,501,Home & Office Phones,5,Cell phones,7.84
1374,1375,Contoso Integrated Business Phone With card L10 White,Contoso,White,13.92,42.0,501,Home & Office Phones,5,Cell phones,28.08
1375,1376,Contoso Integrated Business Phone L08 White,Contoso,White,10.27,31.0,501,Home & Office Phones,5,Cell phones,20.73
1376,1377,Contoso Phone for MSN E200 White,Contoso,White,8.16,16.0,501,Home & Office Phones,5,Cell phones,7.84
1377,1378,Contoso 4-Line Expandable Cordless Phone System M900 White,Contoso,White,10.12,22.0,501,Home & Office Phones,5,Cell phones,11.88
1378,1379,Contoso Lifestyles Series - Big Button Cordless phone M800 White,Contoso,White,10.58,23.0,501,Home & Office Phones,5,Cell phones,12.42
1379,1380,Contoso Bedroom Phone with AM/FM Stereo and Call Waiting Caller ID M600 White,Contoso,White,9.66,21.0,501,Home & Office Phones,5,Cell phones,11.34
1380,1381,Contoso Waterproof Accessory Handset and Charging Cradle M609 White,Contoso,White,10.57,22.99,501,Home & Office Phones,5,Cell phones,12.419999999999998
1381,1382,Contoso Single-line phones E10 Grey,Contoso,Grey,5.09,9.99,501,Home & Office Phones,5,Cell phones,4.9
1382,1383,Contoso Dual Handset Cordless Phone System E20 Grey,Contoso,Grey,6.62,12.99,501,Home & Office Phones,5,Cell phones,6.37
1383,1384,Contoso 3 Handset Cordless Phone System E30 Grey,Contoso,Grey,8.66,16.99,501,Home & Office Phones,5,Cell phones,8.329999999999998
1384,1385,Contoso Multi-line phones M30 Grey,Contoso,Grey,10.57,22.99,501,Home & Office Phones,5,Cell phones,12.419999999999998
1385,1386,Contoso KSU-less key system M38 Grey,Contoso,Grey,12.41,26.99,501,Home & Office Phones,5,Cell phones,14.579999999999998
1386,1387,Contoso Hybrid system M60 Grey,Contoso,Grey,13.33,28.99,501,Home & Office Phones,5,Cell phones,15.659999999999998
1387,1388,Contoso Private Branch Exchange M88 Grey,Contoso,Grey,15.17,32.99,501,Home & Office Phones,5,Cell phones,17.82
1388,1389,Contoso 4 Handset Cordless Phone System M86 Grey,Contoso,Grey,16.55,35.99,501,Home & Office Phones,5,Cell phones,19.44
1389,1390,Contoso Private Automatic Branch Exchange M65 Grey,Contoso,Grey,17.93,38.99,501,Home & Office Phones,5,Cell phones,21.060000000000002
1390,1391,Contoso Electronic Private Automatic Branch Exchange M90 Grey,Contoso,Grey,18.39,39.99,501,Home & Office Phones,5,Cell phones,21.6
1391,1392,Contoso Centrex Phone System L10 Grey,Contoso,Grey,14.24,42.99,501,Home & Office Phones,5,Cell phones,28.75
1392,1393,Contoso In front of Centrex L15 Grey,Contoso,Grey,15.57,46.99,501,Home & Office Phones,5,Cell phones,31.42
1393,1394,Contoso behind Centrex X15 Grey,Contoso,Grey,16.56,49.99,501,Home & Office Phones,5,Cell phones,33.43000000000001
1394,1395,Contoso Phone with 13-Number Memory (210) M301 Grey,Contoso,Grey,7.81,16.99,501,Home & Office Phones,5,Cell phones,9.18
1395,1396,Contoso Expandable Cordless Phone System M008 Grey,Contoso,Grey,10.57,22.99,501,Home & Office Phones,5,Cell phones,12.419999999999998
1396,1397,Contoso Phone System Accessory Handset with Charger M308 Grey,Contoso,Grey,12.41,26.99,501,Home & Office Phones,5,Cell phones,14.579999999999998
1397,1398,Contoso 2-Line Corded Cordless Telephone M202 Grey,Contoso,Grey,13.33,28.99,501,Home & Office Phones,5,Cell phones,15.659999999999998
1398,1399,Contoso 4-Line Corded Cordless Telephone M203 Grey,Contoso,Grey,15.17,32.99,501,Home & Office Phones,5,Cell phones,17.82
1399,1400,Contoso Expandable 3-Handset Cordless Phone System M204 Grey,Contoso,Grey,16.55,35.99,501,Home & Office Phones,5,Cell phones,19.44
1400,1401,Contoso Expandable 2-Handset Cordless Phone System M205 Grey,Contoso,Grey,18.48,40.19,501,Home & Office Phones,5,Cell phones,21.709999999999997
1401,1402,Contoso Expandable 4-Handset Cordless Phone System M206 Grey,Contoso,Grey,20.15,43.81,501,Home & Office Phones,5,Cell phones,23.660000000000004
1402,1403,Contoso Expandable1-Handset Cordless Phone System M207 Grey,Contoso,Grey,21.82,47.44,501,Home & Office Phones,5,Cell phones,25.619999999999997
1403,1404,Contoso Digital Cordless Expansion Handset Phone M900 Grey,Contoso,Grey,15.17,32.99,501,Home & Office Phones,5,Cell phones,17.82
1404,1405,Contoso 2-Line Speakerphone M109 Grey,Contoso,Grey,16.55,35.99,501,Home & Office Phones,5,Cell phones,19.44
1405,1406,Contoso Phone with Memory Dialing-single line E88 Grey,Contoso,Grey,7.23,14.19,501,Home & Office Phones,5,Cell phones,6.959999999999999
1406,1407,Contoso Phone with Memory Dialing-2 lines E90 Grey,Contoso,Grey,8.16,16.0,501,Home & Office Phones,5,Cell phones,7.84
1407,1408,"The Phone Company Touch Screen Phone 1600 TFT-2.2"" L200 Black",The Phone Company,Black,175.27,529.0,503,Touch Screen Phones,5,Cell phones,353.73
1408,1409,"The Phone Company Touch Screen Phone 1600 TFT-1.4"" L250 Black",The Phone Company,Black,195.15,589.0,503,Touch Screen Phones,5,Cell phones,393.85
1409,1410,"The Phone Company Touch Screen Phones 26-2.2"" M200 Black",The Phone Company,Black,105.77,230.0,503,Touch Screen Phones,5,Cell phones,124.23
1410,1411,"The Phone Company Touch Screen Phones 26-1.4"" M250 Black",The Phone Company,Black,123.24,268.0,503,Touch Screen Phones,5,Cell phones,144.76
1411,1412,The Phone Company Touch Screen Phones 4-Wire/On-wall M302 Black,The Phone Company,Black,132.9,289.0,503,Touch Screen Phones,5,Cell phones,156.1
1412,1413,The Phone Company Touch Screen Phones SAW/Built-in M801 Black,The Phone Company,Black,137.5,299.0,503,Touch Screen Phones,5,Cell phones,161.5
1413,1414,The Phone Company Touch Screen Phones 5-Wire/Built-in M500 Black,The Phone Company,Black,117.73,256.0,503,Touch Screen Phones,5,Cell phones,138.26999999999998
1414,1415,The Phone Company Touch Screen Phones Infrared M901 Black,The Phone Company,Black,137.96,300.0,503,Touch Screen Phones,5,Cell phones,162.04
1415,1416,The Phone Company Touch Screen Phones Capacitive M908 Black,The Phone Company,Black,141.64,308.0,503,Touch Screen Phones,5,Cell phones,166.36
1416,1417,The Phone Company Touch Screen Phones 4-Wire/ Built-in M205 Black,The Phone Company,Black,123.24,268.0,503,Touch Screen Phones,5,Cell phones,144.76
1417,1418,The Phone Company Touch Screen Phones SAW/On-wall M806 Black,The Phone Company,Black,134.74,293.0,503,Touch Screen Phones,5,Cell phones,158.26
1418,1419,The Phone Company Touch Screen Phones 5-Wire/On-wall M508 Black,The Phone Company,Black,118.65,258.0,503,Touch Screen Phones,5,Cell phones,139.35
1419,1420,The Phone Company Finger Touch Screen Phones M30 Black,The Phone Company,Black,91.51,199.0,503,Touch Screen Phones,5,Cell phones,107.49
1420,1421,"The Phone Company Pen Touch Screen Phones-2.6"" M320 Black",The Phone Company,Black,133.36,290.0,503,Touch Screen Phones,5,Cell phones,156.64
1421,1422,The Phone Company Sharp Touch Screen Phones M910 Black,The Phone Company,Black,138.42,301.0,503,Touch Screen Phones,5,Cell phones,162.58
1422,1423,The Phone Company Touch Screen Phones - CRT M11 Black,The Phone Company,Black,86.91,189.0,503,Touch Screen Phones,5,Cell phones,102.09
1423,1424,The Phone Company Touch Screen Phones - LCD M12 Black,The Phone Company,Black,91.97,200.0,503,Touch Screen Phones,5,Cell phones,108.03
1424,1425,"The Phone Company Touch Screen Phone 1600 TFT-2.2"" L200 Grey",The Phone Company,Grey,175.27,529.0,503,Touch Screen Phones,5,Cell phones,353.73
1425,1426,"The Phone Company Touch Screen Phone 1600 TFT-1.4"" L250 Grey",The Phone Company,Grey,195.15,589.0,503,Touch Screen Phones,5,Cell phones,393.85
1426,1427,"The Phone Company Touch Screen Phones 26-2.2"" M200 Grey",The Phone Company,Grey,105.77,230.0,503,Touch Screen Phones,5,Cell phones,124.23
1427,1428,"The Phone Company Touch Screen Phones 26-1.4"" M250 Grey",The Phone Company,Grey,123.24,268.0,503,Touch Screen Phones,5,Cell phones,144.76
1428,1429,The Phone Company Touch Screen Phones 4-Wire/On-wall M302 Grey,The Phone Company,Grey,132.9,289.0,503,Touch Screen Phones,5,Cell phones,156.1
1429,1430,The Phone Company Touch Screen Phones SAW/Built-in M801 Grey,The Phone Company,Grey,137.5,299.0,503,Touch Screen Phones,5,Cell phones,161.5
1430,1431,The Phone Company Touch Screen Phones 5-Wire/Built-in M500 Grey,The Phone Company,Grey,117.73,256.0,503,Touch Screen Phones,5,Cell phones,138.26999999999998
1431,1432,The Phone Company Touch Screen Phones Infrared M901 Grey,The Phone Company,Grey,137.96,300.0,503,Touch Screen Phones,5,Cell phones,162.04
1432,1433,The Phone Company Touch Screen Phones Capacitive M908 Grey,The Phone Company,Grey,141.64,308.0,503,Touch Screen Phones,5,Cell phones,166.36
1433,1434,The Phone Company Touch Screen Phones 4-Wire/ Built-in M205 Grey,The Phone Company,Grey,123.24,268.0,503,Touch Screen Phones,5,Cell phones,144.76
1434,1435,The Phone Company Touch Screen Phones SAW/On-wall M806 Grey,The Phone Company,Grey,134.74,293.0,503,Touch Screen Phones,5,Cell phones,158.26
1435,1436,The Phone Company Touch Screen Phones 5-Wire/On-wall M508 Grey,The Phone Company,Grey,118.65,258.0,503,Touch Screen Phones,5,Cell phones,139.35
1436,1437,The Phone Company Finger Touch Screen Phones M30 Grey,The Phone Company,Grey,91.51,199.0,503,Touch Screen Phones,5,Cell phones,107.49
1437,1438,The Phone Company Pen Touch Screen Phones M320 Grey,The Phone Company,Grey,133.36,290.0,503,Touch Screen Phones,5,Cell phones,156.64
1438,1439,The Phone Company Sharp Touch Screen Phones M910 Grey,The Phone Company,Grey,138.42,301.0,503,Touch Screen Phones,5,Cell phones,162.58
1439,1440,The Phone Company Touch Screen Phones - CRT M11 Grey,The Phone Company,Grey,86.91,189.0,503,Touch Screen Phones,5,Cell phones,102.09
1440,1441,The Phone Company Touch Screen Phones - LCD M12 Grey,The Phone Company,Grey,91.97,200.0,503,Touch Screen Phones,5,Cell phones,108.03
1441,1442,"The Phone Company Touch Screen Phone 1600 TFT-2.2"" L200 Gold",The Phone Company,Gold,175.27,529.0,503,Touch Screen Phones,5,Cell phones,353.73
1442,1443,"The Phone Company Touch Screen Phone 1600 TFT-1.4"" L250 Gold",The Phone Company,Gold,195.15,589.0,503,Touch Screen Phones,5,Cell phones,393.85
1443,1444,"The Phone Company Touch Screen Phones 26-2.2"" M200 Gold",The Phone Company,Gold,105.77,230.0,503,Touch Screen Phones,5,Cell phones,124.23
1444,1445,"The Phone Company Touch Screen Phones 26-1.4"" M250 Gold",The Phone Company,Gold,123.24,268.0,503,Touch Screen Phones,5,Cell phones,144.76
1445,1446,The Phone Company Touch Screen Phones 4-Wire/On-wall M302 Gold,The Phone Company,Gold,132.9,289.0,503,Touch Screen Phones,5,Cell phones,156.1
1446,1447,The Phone Company Touch Screen Phones SAW/Built-in M801 Gold,The Phone Company,Gold,137.5,299.0,503,Touch Screen Phones,5,Cell phones,161.5
1447,1448,The Phone Company Touch Screen Phones 5-Wire/Built-in M500 Gold,The Phone Company,Gold,117.73,256.0,503,Touch Screen Phones,5,Cell phones,138.26999999999998
1448,1449,The Phone Company Touch Screen Phones Infrared M901 Gold,The Phone Company,Gold,137.96,300.0,503,Touch Screen Phones,5,Cell phones,162.04
1449,1450,The Phone Company Touch Screen Phones Capacitive M908 Gold,The Phone Company,Gold,141.64,308.0,503,Touch Screen Phones,5,Cell phones,166.36
1450,1451,The Phone Company Touch Screen Phones 4-Wire/ Built-in M205 Gold,The Phone Company,Gold,123.24,268.0,503,Touch Screen Phones,5,Cell phones,144.76
1451,1452,The Phone Company Touch Screen Phones SAW/On-wall M806 Gold,The Phone Company,Gold,134.74,293.0,503,Touch Screen Phones,5,Cell phones,158.26
1452,1453,The Phone Company Touch Screen Phones 5-Wire/On-wall M508 Gold,The Phone Company,Gold,118.65,258.0,503,Touch Screen Phones,5,Cell phones,139.35
1453,1454,The Phone Company Finger Touch Screen Phones M30 Gold,The Phone Company,Gold,91.51,199.0,503,Touch Screen Phones,5,Cell phones,107.49
1454,1455,The Phone Company Pen Touch Screen Phones M320 Gold,The Phone Company,Gold,133.36,290.0,503,Touch Screen Phones,5,Cell phones,156.64
1455,1456,The Phone Company Sharp Touch Screen Phones M910 Gold,The Phone Company,Gold,138.42,301.0,503,Touch Screen Phones,5,Cell phones,162.58
1456,1457,The Phone Company Touch Screen Phones - CRT M11 Gold,The Phone Company,Gold,86.91,189.0,503,Touch Screen Phones,5,Cell phones,102.09
1457,1458,The Phone Company Touch Screen Phones - LCD M12 Gold,The Phone Company,Gold,91.97,200.0,503,Touch Screen Phones,5,Cell phones,108.03
1458,1459,Contoso Touch Screen Phones 5-Wire/Built-in M500 Black,Contoso,Black,117.73,256.0,503,Touch Screen Phones,5,Cell phones,138.26999999999998
1459,1460,Contoso Touch Screen Phones Infrared M901 Black,Contoso,Black,137.96,300.0,503,Touch Screen Phones,5,Cell phones,162.04
1460,1461,Contoso Touch Screen Phones Capacitive M908 Black,Contoso,Black,141.64,308.0,503,Touch Screen Phones,5,Cell phones,166.36
1461,1462,Contoso Touch Screen Phones 4-Wire/ Built-in M205 Black,Contoso,Black,123.24,268.0,503,Touch Screen Phones,5,Cell phones,144.76
1462,1463,Contoso Touch Screen Phones SAW/On-wall M806 Black,Contoso,Black,134.74,293.0,503,Touch Screen Phones,5,Cell phones,158.26
1463,1464,Contoso Touch Screen Phones 5-Wire/On-wall M508 Black,Contoso,Black,118.65,258.0,503,Touch Screen Phones,5,Cell phones,139.35
1464,1465,Contoso Finger Touch Screen Phones M30 Black,Contoso,Black,91.51,199.0,503,Touch Screen Phones,5,Cell phones,107.49
1465,1466,Contoso Pen Touch Screen Phones M320 Black,Contoso,Black,133.36,290.0,503,Touch Screen Phones,5,Cell phones,156.64
1466,1467,Contoso Sharp Touch Screen Phones M910 Black,Contoso,Black,138.42,301.0,503,Touch Screen Phones,5,Cell phones,162.58
1467,1468,Contoso Touch Screen Phones - CRT M11 Black,Contoso,Black,86.91,189.0,503,Touch Screen Phones,5,Cell phones,102.09
1468,1469,Contoso Touch Screen Phones  - LCD M12 Black,Contoso,Black,91.97,200.0,503,Touch Screen Phones,5,Cell phones,108.03
1469,1470,The Phone Company Smart phones without camera E100 Black,The Phone Company,Black,65.77,129.0,504,Smart phones & PDAs,5,Cell phones,63.230000000000004
1470,1471,The Phone Company Microsoft Windows Mobile M200 Black,The Phone Company,Black,105.31,229.0,504,Smart phones & PDAs,5,Cell phones,123.69
1471,1472,The Phone Company Smart phones 4 GB of Memory M300 Black,The Phone Company,Black,109.91,239.0,504,Smart phones & PDAs,5,Cell phones,129.09
1472,1473,The Phone Company Smart phones 8 GB of Memory M400 Black,The Phone Company,Black,123.7,269.0,504,Smart phones & PDAs,5,Cell phones,145.3
1473,1474,The Phone Company Smart phones 160x160 M26 Black,The Phone Company,Black,95.65,208.0,504,Smart phones & PDAs,5,Cell phones,112.35
1474,1475,The Phone Company Smart phones 6-LINE SCREEN M21 Black,The Phone Company,Black,105.77,230.0,504,Smart phones & PDAs,5,Cell phones,124.23
1475,1476,The Phone Company Smart phones -320 x 320 M86 Black,The Phone Company,Black,132.44,288.0,504,Smart phones & PDAs,5,Cell phones,155.56
1476,1477,The Phone Company Smart phones Unlocked M300 Black,The Phone Company,Black,122.78,267.0,504,Smart phones & PDAs,5,Cell phones,144.22
1477,1478,The Phone Company Smart phones Expert M400 Black,The Phone Company,Black,137.96,300.0,504,Smart phones & PDAs,5,Cell phones,162.04
1478,1479,The Phone Company Smart phones Unlocked International M800 Black,The Phone Company,Black,142.56,310.0,504,Smart phones & PDAs,5,Cell phones,167.44
1479,1480,The Phone Company Smart phones without camera E100 Grey,The Phone Company,Grey,65.77,129.0,504,Smart phones & PDAs,5,Cell phones,63.230000000000004
1480,1481,The Phone Company Microsoft Windows Mobile M200 Grey,The Phone Company,Grey,105.31,229.0,504,Smart phones & PDAs,5,Cell phones,123.69
1481,1482,The Phone Company Smart phones 4 GB of Memory M300 Grey,The Phone Company,Grey,109.91,239.0,504,Smart phones & PDAs,5,Cell phones,129.09
1482,1483,The Phone Company Smart phones 8 GB of Memory M400 Grey,The Phone Company,Grey,123.7,269.0,504,Smart phones & PDAs,5,Cell phones,145.3
1483,1484,The Phone Company Smart phones 160x160 M26 Grey,The Phone Company,Grey,95.65,208.0,504,Smart phones & PDAs,5,Cell phones,112.35
1484,1485,The Phone Company Smart phones 6-LINE SCREEN M21 Grey,The Phone Company,Grey,105.77,230.0,504,Smart phones & PDAs,5,Cell phones,124.23
1485,1486,The Phone Company Smart phones 320 x 320 M86 Grey,The Phone Company,Grey,132.44,288.0,504,Smart phones & PDAs,5,Cell phones,155.56
1486,1487,The Phone Company Smart phones Unlocked M300 Grey,The Phone Company,Grey,122.78,267.0,504,Smart phones & PDAs,5,Cell phones,144.22
1487,1488,The Phone Company Smart phones Expert M400 Grey,The Phone Company,Grey,137.96,300.0,504,Smart phones & PDAs,5,Cell phones,162.04
1488,1489,The Phone Company Smart phones Unlocked International M800 Grey,The Phone Company,Grey,142.56,310.0,504,Smart phones & PDAs,5,Cell phones,167.44
1489,1490,The Phone Company Smart phones without camera E100 White,The Phone Company,White,65.77,129.0,504,Smart phones & PDAs,5,Cell phones,63.230000000000004
1490,1491,The Phone Company Microsoft Windows Mobile M200 White,The Phone Company,White,105.31,229.0,504,Smart phones & PDAs,5,Cell phones,123.69
1491,1492,The Phone Company Smart phones 4 GB of Memory M300 White,The Phone Company,White,109.91,239.0,504,Smart phones & PDAs,5,Cell phones,129.09
1492,1493,The Phone Company Smart phones 8 GB of Memory M400 White,The Phone Company,White,123.7,269.0,504,Smart phones & PDAs,5,Cell phones,145.3
1493,1494,The Phone Company Smart phones 160x160 M26 White,The Phone Company,White,95.65,208.0,504,Smart phones & PDAs,5,Cell phones,112.35
1494,1495,The Phone Company Smart phones 6-LINE SCREEN M21 White,The Phone Company,White,105.77,230.0,504,Smart phones & PDAs,5,Cell phones,124.23
1495,1496,The Phone Company Smart phones 320 x 320 M86 White,The Phone Company,White,132.44,288.0,504,Smart phones & PDAs,5,Cell phones,155.56
1496,1497,The Phone Company Smart phones Unlocked M300 White,The Phone Company,White,122.78,267.0,504,Smart phones & PDAs,5,Cell phones,144.22
1497,1498,The Phone Company Smart phones Expert M400 White,The Phone Company,White,137.96,300.0,504,Smart phones & PDAs,5,Cell phones,162.04
1498,1499,The Phone Company Smart phones Unlocked International M800 White,The Phone Company,White,142.56,310.0,504,Smart phones & PDAs,5,Cell phones,167.44
1499,1500,The Phone Company Smart phones without camera E100 Pink,The Phone Company,Pink,65.77,129.0,504,Smart phones & PDAs,5,Cell phones,63.230000000000004
1500,1501,The Phone Company Microsoft Windows Mobile M200 Pink,The Phone Company,Pink,105.31,229.0,504,Smart phones & PDAs,5,Cell phones,123.69
1501,1502,The Phone Company Smart phones 4 GB of Memory M300 Pink,The Phone Company,Pink,109.91,239.0,504,Smart phones & PDAs,5,Cell phones,129.09
1502,1503,The Phone Company Smart phones 8 GB of Memory M400 Pink,The Phone Company,Pink,123.7,269.0,504,Smart phones & PDAs,5,Cell phones,145.3
1503,1504,The Phone Company Smart phones 160x160 M26 Pink,The Phone Company,Pink,95.65,208.0,504,Smart phones & PDAs,5,Cell phones,112.35
1504,1505,The Phone Company Smart phones 6-LINE SCREEN M21 Pink,The Phone Company,Pink,105.77,230.0,504,Smart phones & PDAs,5,Cell phones,124.23
1505,1506,The Phone Company Smart phones 320 x 320 M86 Pink,The Phone Company,Pink,132.44,288.0,504,Smart phones & PDAs,5,Cell phones,155.56
1506,1507,The Phone Company Smart phones Unlocked M300 Pink,The Phone Company,Pink,122.78,267.0,504,Smart phones & PDAs,5,Cell phones,144.22
1507,1508,The Phone Company Smart phones Expert M400 Pink,The Phone Company,Pink,137.96,300.0,504,Smart phones & PDAs,5,Cell phones,162.04
1508,1509,The Phone Company Smart phones Unlocked International M800 Pink,The Phone Company,Pink,142.56,310.0,504,Smart phones & PDAs,5,Cell phones,167.44
1509,1510,The Phone Company Smart phones without camera E100 Gold,The Phone Company,Gold,65.77,129.0,504,Smart phones & PDAs,5,Cell phones,63.230000000000004
1510,1511,The Phone Company Microsoft Windows Mobile M200 Gold,The Phone Company,Gold,105.31,229.0,504,Smart phones & PDAs,5,Cell phones,123.69
1511,1512,The Phone Company Smart phones 4 GB of Memory M300 Gold,The Phone Company,Gold,109.91,239.0,504,Smart phones & PDAs,5,Cell phones,129.09
1512,1513,The Phone Company Smart phones 8 GB of Memory M400 Gold,The Phone Company,Gold,123.7,269.0,504,Smart phones & PDAs,5,Cell phones,145.3
1513,1514,The Phone Company Smart phones 160x160 M26 Gold,The Phone Company,Gold,95.65,208.0,504,Smart phones & PDAs,5,Cell phones,112.35
1514,1515,The Phone Company Smart phones 6-LINE SCREEN M21 Gold,The Phone Company,Gold,105.77,230.0,504,Smart phones & PDAs,5,Cell phones,124.23
1515,1516,The Phone Company Smart phones 320 x 320 M86 Gold,The Phone Company,Gold,132.44,288.0,504,Smart phones & PDAs,5,Cell phones,155.56
1516,1517,The Phone Company Smart phones Unlocked M300 Gold,The Phone Company,Gold,122.78,267.0,504,Smart phones & PDAs,5,Cell phones,144.22
1517,1518,The Phone Company Smart phones Expert M400 Gold,The Phone Company,Gold,137.96,300.0,504,Smart phones & PDAs,5,Cell phones,162.04
1518,1519,The Phone Company Smart phones Unlocked International M800 Gold,The Phone Company,Gold,142.56,310.0,504,Smart phones & PDAs,5,Cell phones,167.44
1519,1520,The Phone Company PDA Wifi 3.5-inch M200 Black,The Phone Company,Black,128.76,280.0,504,Smart phones & PDAs,5,Cell phones,151.24
1520,1521,The Phone Company PDA Wifi 3.7-inch M250 Black,The Phone Company,Black,142.56,310.0,504,Smart phones & PDAs,5,Cell phones,167.44
1521,1522,The Phone Company PDA Wifi 4.7-inch L290 Black,The Phone Company,Black,125.9,380.0,504,Smart phones & PDAs,5,Cell phones,254.1
1522,1523,The Phone Company PDA Phone 3.5 inches M320 Black,The Phone Company,Black,137.5,299.0,504,Smart phones & PDAs,5,Cell phones,161.5
1523,1524,The Phone Company PDA Phone 3.7 inches M340 Black,The Phone Company,Black,151.76,330.0,504,Smart phones & PDAs,5,Cell phones,178.24
1524,1525,The Phone Company PDA Phone 4.7 inches L360 Black,The Phone Company,Black,133.19,402.0,504,Smart phones & PDAs,5,Cell phones,268.81
1525,1526,The Phone Company PDA Phone Unlocked 3.7 inches M510 Black,The Phone Company,Black,109.45,238.0,504,Smart phones & PDAs,5,Cell phones,128.55
1526,1527,The Phone Company PDA Phone Unlocked 3.5 inches M530 Black,The Phone Company,Black,123.24,268.0,504,Smart phones & PDAs,5,Cell phones,144.76
1527,1528,The Phone Company PDA Phone Unlocked 4.7 inches L550 Black,The Phone Company,Black,100.06,302.0,504,Smart phones & PDAs,5,Cell phones,201.94
1528,1529,The Phone Company PDA Handheld 3.5 inch M610 Black,The Phone Company,Black,117.27,255.0,504,Smart phones & PDAs,5,Cell phones,137.73000000000002
1529,1530,The Phone Company PDA Handheld 3.7 inch M630 Black,The Phone Company,Black,122.32,266.0,504,Smart phones & PDAs,5,Cell phones,143.68
1530,1531,The Phone Company PDA Handheld 4.7 inch L650 Black,The Phone Company,Black,128.88,389.0,504,Smart phones & PDAs,5,Cell phones,260.12
1531,1532,The Phone Company PDA Palm 3.5 inch M810 Black,The Phone Company,Black,128.76,280.0,504,Smart phones & PDAs,5,Cell phones,151.24
1532,1533,The Phone Company PDA Palm 3.7 inch M830 Black,The Phone Company,Black,137.5,299.0,504,Smart phones & PDAs,5,Cell phones,161.5
1533,1534,The Phone Company PDA Palm 4.7 inch L850 Black,The Phone Company,Black,131.87,398.0,504,Smart phones & PDAs,5,Cell phones,266.13
1534,1535,The Phone Company PDA GPS Phone 3.5 inch M910 Black,The Phone Company,Black,123.24,268.0,504,Smart phones & PDAs,5,Cell phones,144.76
1535,1536,The Phone Company PDA GPS Phone 3.7 inch M930 Black,The Phone Company,Black,137.04,298.0,504,Smart phones & PDAs,5,Cell phones,160.96
1536,1537,The Phone Company PDA GPS Phone 4.7 inch L950 Black,The Phone Company,Black,121.93,368.0,504,Smart phones & PDAs,5,Cell phones,246.07
1537,1538,The Phone Company PDA Wifi 3.5-inch M200 Silver,The Phone Company,Silver,128.76,280.0,504,Smart phones & PDAs,5,Cell phones,151.24
1538,1539,The Phone Company PDA Wifi 3.7-inch M250 Silver,The Phone Company,Silver,142.56,310.0,504,Smart phones & PDAs,5,Cell phones,167.44
1539,1540,The Phone Company PDA Wifi 4.7-inch L290 Silver,The Phone Company,Silver,125.9,380.0,504,Smart phones & PDAs,5,Cell phones,254.1
1540,1541,The Phone Company PDA Phone 3.5 inches M320 Silver,The Phone Company,Silver,137.5,299.0,504,Smart phones & PDAs,5,Cell phones,161.5
1541,1542,The Phone Company PDA Phone 3.7 inches M340 Silver,The Phone Company,Silver,151.76,330.0,504,Smart phones & PDAs,5,Cell phones,178.24
1542,1543,The Phone Company PDA Phone 4.7 inches L360 Silver,The Phone Company,Silver,133.19,402.0,504,Smart phones & PDAs,5,Cell phones,268.81
1543,1544,The Phone Company PDA Phone Unlocked 3.7 inches M510 Silver,The Phone Company,Silver,109.45,238.0,504,Smart phones & PDAs,5,Cell phones,128.55
1544,1545,The Phone Company PDA Phone Unlocked 3.5 inches M530 Silver,The Phone Company,Silver,123.24,268.0,504,Smart phones & PDAs,5,Cell phones,144.76
1545,1546,The Phone Company PDA Phone Unlocked 4.7 inches L550 Silver,The Phone Company,Silver,100.06,302.0,504,Smart phones & PDAs,5,Cell phones,201.94
1546,1547,The Phone Company PDA Handheld 3.5 inch M610 Silver,The Phone Company,Silver,117.27,255.0,504,Smart phones & PDAs,5,Cell phones,137.73000000000002
1547,1548,The Phone Company PDA Handheld 3.7 inch M630 Silver,The Phone Company,Silver,122.32,266.0,504,Smart phones & PDAs,5,Cell phones,143.68
1548,1549,The Phone Company PDA Handheld 4.7 inch L650 Silver,The Phone Company,Silver,128.88,389.0,504,Smart phones & PDAs,5,Cell phones,260.12
1549,1550,The Phone Company PDA Palm 3.5 inch M810 Silver,The Phone Company,Silver,128.76,280.0,504,Smart phones & PDAs,5,Cell phones,151.24
1550,1551,The Phone Company PDA Palm 3.7 inch M830 Silver,The Phone Company,Silver,137.5,299.0,504,Smart phones & PDAs,5,Cell phones,161.5
1551,1552,The Phone Company PDA Palm 4.7 inch L850 Silver,The Phone Company,Silver,131.87,398.0,504,Smart phones & PDAs,5,Cell phones,266.13
1552,1553,The Phone Company PDA GPS Phone 3.5 inch M910 Silver,The Phone Company,Silver,123.24,268.0,504,Smart phones & PDAs,5,Cell phones,144.76
1553,1554,The Phone Company PDA GPS Phone 3.7 inch M930 Silver,The Phone Company,Silver,137.04,298.0,504,Smart phones & PDAs,5,Cell phones,160.96
1554,1555,The Phone Company PDA GPS Phone 4.7 inch L950 Silver,The Phone Company,Silver,121.93,368.0,504,Smart phones & PDAs,5,Cell phones,246.07
1555,1556,The Phone Company PDA Wifi 3.5-inch M200 White,The Phone Company,White,128.76,280.0,504,Smart phones & PDAs,5,Cell phones,151.24
1556,1557,The Phone Company PDA Wifi 3.7-inch M250 White,The Phone Company,White,142.56,310.0,504,Smart phones & PDAs,5,Cell phones,167.44
1557,1558,The Phone Company PDA Wifi 4.7-inch L290 White,The Phone Company,White,125.9,380.0,504,Smart phones & PDAs,5,Cell phones,254.1
1558,1559,The Phone Company PDA Phone 3.5 inches M320 White,The Phone Company,White,137.5,299.0,504,Smart phones & PDAs,5,Cell phones,161.5
1559,1560,The Phone Company PDA Phone 3.7 inches M340 White,The Phone Company,White,151.76,330.0,504,Smart phones & PDAs,5,Cell phones,178.24
1560,1561,The Phone Company PDA Phone 4.7 inches L360 White,The Phone Company,White,133.19,402.0,504,Smart phones & PDAs,5,Cell phones,268.81
1561,1562,The Phone Company PDA Phone Unlocked 3.7 inches M510 White,The Phone Company,White,109.45,238.0,504,Smart phones & PDAs,5,Cell phones,128.55
1562,1563,The Phone Company PDA Phone Unlocked 3.5 inches M530 White,The Phone Company,White,123.24,268.0,504,Smart phones & PDAs,5,Cell phones,144.76
1563,1564,The Phone Company PDA Phone Unlocked 4.7 inches L550 White,The Phone Company,White,100.06,302.0,504,Smart phones & PDAs,5,Cell phones,201.94
1564,1565,The Phone Company PDA Handheld 3.5 inch M610 White,The Phone Company,White,117.27,255.0,504,Smart phones & PDAs,5,Cell phones,137.73000000000002
1565,1566,The Phone Company PDA Handheld 3.7 inch M630 White,The Phone Company,White,122.32,266.0,504,Smart phones & PDAs,5,Cell phones,143.68
1566,1567,The Phone Company PDA Handheld 4.7 inch L650 White,The Phone Company,White,128.88,389.0,504,Smart phones & PDAs,5,Cell phones,260.12
1567,1568,The Phone Company PDA Palm 3.5 inch M810 White,The Phone Company,White,128.76,280.0,504,Smart phones & PDAs,5,Cell phones,151.24
1568,1569,The Phone Company PDA Palm 3.7 inch M830 White,The Phone Company,White,137.5,299.0,504,Smart phones & PDAs,5,Cell phones,161.5
1569,1570,The Phone Company PDA Palm 4.7 inch L850 White,The Phone Company,White,131.87,398.0,504,Smart phones & PDAs,5,Cell phones,266.13
1570,1571,SV DVD Player M100 Black,Southridge Video,Black,26.21,56.99,602,Movie DVD,6,"Music, Movies and Audio Books",30.78
1571,1572,SV DVD Player M110 Silver,Southridge Video,Silver,26.67,57.99,602,Movie DVD,6,"Music, Movies and Audio Books",31.32
1572,1573,SV DVD Player M120 White,Southridge Video,White,27.13,58.99,602,Movie DVD,6,"Music, Movies and Audio Books",31.860000000000003
1573,1574,SV DVD Player M130 Grey,Southridge Video,Grey,27.59,59.99,602,Movie DVD,6,"Music, Movies and Audio Books",32.400000000000006
1574,1575,SV DVD Player M140 Gold,Southridge Video,Gold,28.05,60.99,602,Movie DVD,6,"Music, Movies and Audio Books",32.94
1575,1576,SV DVD Movies E100 Yellow,Southridge Video,Yellow,6.62,12.99,602,Movie DVD,6,"Music, Movies and Audio Books",6.37
1576,1577,SV DVD Recorder L200 Black,Southridge Video,Black,72.56,219.0,602,Movie DVD,6,"Music, Movies and Audio Books",146.44
1577,1578,SV DVD Recorder L210 Silver,Southridge Video,Silver,72.56,219.0,602,Movie DVD,6,"Music, Movies and Audio Books",146.44
1578,1579,SV DVD Recorder L220 White,Southridge Video,White,72.56,219.0,602,Movie DVD,6,"Music, Movies and Audio Books",146.44
1579,1580,SV DVD Recorder L230 Grey,Southridge Video,Grey,72.56,219.0,602,Movie DVD,6,"Music, Movies and Audio Books",146.44
1580,1581,SV DVD Recorder L240 Gold,Southridge Video,Gold,72.56,219.0,602,Movie DVD,6,"Music, Movies and Audio Books",146.44
1581,1582,SV DVD 48 DVD Storage Binder M50 Black,Southridge Video,Black,8.27,17.99,602,Movie DVD,6,"Music, Movies and Audio Books",9.719999999999999
1582,1583,SV DVD 58 DVD Storage Binder M55 Black,Southridge Video,Black,6.39,13.89,602,Movie DVD,6,"Music, Movies and Audio Books",7.500000000000001
1583,1584,SV DVD 38 DVD Storage Binder E25 Black,Southridge Video,Black,5.09,9.99,602,Movie DVD,6,"Music, Movies and Audio Books",4.9
1584,1585,SV DVD 60 DVD Storage Binder L20 Black,Southridge Video,Black,7.58,22.89,602,Movie DVD,6,"Music, Movies and Audio Books",15.31
1585,1586,SV DVD 55DVD Storage Binder M56 Black,Southridge Video,Black,5.82,12.66,602,Movie DVD,6,"Music, Movies and Audio Books",6.84
1586,1587,SV DVD 48 DVD Storage Binder M50 Silver,Southridge Video,Silver,8.27,17.99,602,Movie DVD,6,"Music, Movies and Audio Books",9.719999999999999
1587,1588,SV DVD 58 DVD Storage Binder M55 Silver,Southridge Video,Silver,6.39,13.89,602,Movie DVD,6,"Music, Movies and Audio Books",7.500000000000001
1588,1589,SV DVD 38 DVD Storage Binder E25 Silver,Southridge Video,Silver,5.09,9.99,602,Movie DVD,6,"Music, Movies and Audio Books",4.9
1589,1590,SV DVD 60 DVD Storage Binder L20 Silver,Southridge Video,Silver,7.58,22.89,602,Movie DVD,6,"Music, Movies and Audio Books",15.31
1590,1591,SV DVD 55DVD Storage Binder M56 Silver,Southridge Video,Silver,5.82,12.66,602,Movie DVD,6,"Music, Movies and Audio Books",6.84
1591,1592,SV DVD 48 DVD Storage Binder M50 Red,Southridge Video,Red,8.27,17.99,602,Movie DVD,6,"Music, Movies and Audio Books",9.719999999999999
1592,1593,SV DVD 58 DVD Storage Binder M55 Red,Southridge Video,Red,6.39,13.89,602,Movie DVD,6,"Music, Movies and Audio Books",7.500000000000001
1593,1594,SV DVD 38 DVD Storage Binder E25 Red,Southridge Video,Red,5.09,9.99,602,Movie DVD,6,"Music, Movies and Audio Books",4.9
1594,1595,SV DVD 60 DVD Storage Binder L20 Red,Southridge Video,Red,7.58,22.89,602,Movie DVD,6,"Music, Movies and Audio Books",15.31
1595,1596,SV DVD 55DVD Storage Binder M56 Red,Southridge Video,Red,5.82,12.66,602,Movie DVD,6,"Music, Movies and Audio Books",6.84
1596,1597,SV DVD External DVD Burner M200 Black,Southridge Video,Black,26.62,57.88,602,Movie DVD,6,"Music, Movies and Audio Books",31.26
1597,1598,SV DVD External DVD Burner M200 Grey,Southridge Video,Grey,26.62,57.88,602,Movie DVD,6,"Music, Movies and Audio Books",31.26
1598,1599,SV DVD External DVD Burner M200 Blue,Southridge Video,Blue,26.62,57.88,602,Movie DVD,6,"Music, Movies and Audio Books",31.26
1599,1600,SV DVD External DVD Burner M200 Silver,Southridge Video,Silver,26.62,57.88,602,Movie DVD,6,"Music, Movies and Audio Books",31.26
1600,1601,SV DVD 9-Inch Player Portable M300 Black,Southridge Video,Black,73.57,159.99,602,Movie DVD,6,"Music, Movies and Audio Books",86.42000000000002
1601,1602,SV DVD 12-Inch Player Portable M400 Black,Southridge Video,Black,82.77,179.99,602,Movie DVD,6,"Music, Movies and Audio Books",97.22000000000001
1602,1603,SV DVD 7-Inch Player Portable E200 Black,Southridge Video,Black,56.08,109.99,602,Movie DVD,6,"Music, Movies and Audio Books",53.91
1603,1604,SV DVD 14-Inch Player Portable L100 Black,Southridge Video,Black,86.14,259.99,602,Movie DVD,6,"Music, Movies and Audio Books",173.85000000000002
1604,1605,SV DVD 15-Inch Player Portable L200 Black,Southridge Video,Black,96.08,289.99,602,Movie DVD,6,"Music, Movies and Audio Books",193.91000000000003
1605,1606,SV DVD 9-Inch Player Portable M300 Silver,Southridge Video,Silver,73.57,159.99,602,Movie DVD,6,"Music, Movies and Audio Books",86.42000000000002
1606,1607,SV DVD 12-Inch Player Portable M400 Silver,Southridge Video,Silver,82.77,179.99,602,Movie DVD,6,"Music, Movies and Audio Books",97.22000000000001
1607,1608,SV DVD 7-Inch Player Portable E200 Silver,Southridge Video,Silver,56.08,109.99,602,Movie DVD,6,"Music, Movies and Audio Books",53.91
1608,1609,SV DVD 14-Inch Player Portable L100 Silver,Southridge Video,Silver,86.14,259.99,602,Movie DVD,6,"Music, Movies and Audio Books",173.85000000000002
1609,1610,SV DVD 15-Inch Player Portable L200 Silver,Southridge Video,Silver,96.08,289.99,602,Movie DVD,6,"Music, Movies and Audio Books",193.91000000000003
1610,1611,SV DVD 9-Inch Player Portable M300 White,Southridge Video,White,73.57,159.99,602,Movie DVD,6,"Music, Movies and Audio Books",86.42000000000002
1611,1612,SV DVD 12-Inch Player Portable M400 White,Southridge Video,White,82.77,179.99,602,Movie DVD,6,"Music, Movies and Audio Books",97.22000000000001
1612,1613,SV DVD 7-Inch Player Portable E200 White,Southridge Video,White,56.08,109.99,602,Movie DVD,6,"Music, Movies and Audio Books",53.91
1613,1614,SV DVD 14-Inch Player Portable L100 White,Southridge Video,White,86.14,259.99,602,Movie DVD,6,"Music, Movies and Audio Books",173.85000000000002
1614,1615,SV DVD 15-Inch Player Portable L200 White,Southridge Video,White,96.08,289.99,602,Movie DVD,6,"Music, Movies and Audio Books",193.91000000000003
1615,1616,Contoso DVD Player M100 Black,Contoso,Black,26.21,56.99,602,Movie DVD,6,"Music, Movies and Audio Books",30.78
1616,1617,Contoso DVD Player M110 Silver,Contoso,Silver,26.67,57.99,602,Movie DVD,6,"Music, Movies and Audio Books",31.32
1617,1618,Contoso DVD Player M120 White,Contoso,White,27.13,58.99,602,Movie DVD,6,"Music, Movies and Audio Books",31.860000000000003
1618,1619,Contoso DVD Player M130 Grey,Contoso,Grey,27.59,59.99,602,Movie DVD,6,"Music, Movies and Audio Books",32.400000000000006
1619,1620,Contoso DVD Player M140 Gold,Contoso,Gold,28.05,60.99,602,Movie DVD,6,"Music, Movies and Audio Books",32.94
1620,1621,Contoso DVD Movies E100 Yellow,Contoso,Yellow,6.62,12.99,602,Movie DVD,6,"Music, Movies and Audio Books",6.37
1621,1622,Contoso DVD Recorder L200 Black,Contoso,Black,72.56,219.0,602,Movie DVD,6,"Music, Movies and Audio Books",146.44
1622,1623,Contoso DVD Recorder L210 Silver,Contoso,Silver,72.56,219.0,602,Movie DVD,6,"Music, Movies and Audio Books",146.44
1623,1624,Contoso DVD Recorder L220 White,Contoso,White,72.56,219.0,602,Movie DVD,6,"Music, Movies and Audio Books",146.44
1624,1625,Contoso DVD Recorder L230 Grey,Contoso,Grey,72.56,219.0,602,Movie DVD,6,"Music, Movies and Audio Books",146.44
1625,1626,Contoso DVD Recorder L240 Gold,Contoso,Gold,72.56,219.0,602,Movie DVD,6,"Music, Movies and Audio Books",146.44
1626,1627,Contoso DVD 48 DVD Storage Binder M50 Black,Contoso,Black,8.27,17.99,602,Movie DVD,6,"Music, Movies and Audio Books",9.719999999999999
1627,1628,Contoso DVD 58 DVD Storage Binder M55 Black,Contoso,Black,6.39,13.89,602,Movie DVD,6,"Music, Movies and Audio Books",7.500000000000001
1628,1629,Contoso DVD 38 DVD Storage Binder E25 Black,Contoso,Black,5.09,9.99,602,Movie DVD,6,"Music, Movies and Audio Books",4.9
1629,1630,Contoso DVD 60 DVD Storage Binder L20 Black,Contoso,Black,7.58,22.89,602,Movie DVD,6,"Music, Movies and Audio Books",15.31
1630,1631,Contoso DVD 55DVD Storage Binder M56 Black,Contoso,Black,5.82,12.66,602,Movie DVD,6,"Music, Movies and Audio Books",6.84
1631,1632,Contoso DVD 48 DVD Storage Binder M50 Silver,Contoso,Silver,8.27,17.99,602,Movie DVD,6,"Music, Movies and Audio Books",9.719999999999999
1632,1633,Contoso DVD 58 DVD Storage Binder M55 Silver,Contoso,Silver,6.39,13.89,602,Movie DVD,6,"Music, Movies and Audio Books",7.500000000000001
1633,1634,Contoso DVD 38 DVD Storage Binder E25 Silver,Contoso,Silver,5.09,9.99,602,Movie DVD,6,"Music, Movies and Audio Books",4.9
1634,1635,Contoso DVD 60 DVD Storage Binder L20 Silver,Contoso,Silver,7.58,22.89,602,Movie DVD,6,"Music, Movies and Audio Books",15.31
1635,1636,Contoso DVD 55DVD Storage Binder M56 Silver,Contoso,Silver,5.82,12.66,602,Movie DVD,6,"Music, Movies and Audio Books",6.84
1636,1637,Contoso DVD 48 DVD Storage Binder M50 Red,Contoso,Red,8.27,17.99,602,Movie DVD,6,"Music, Movies and Audio Books",9.719999999999999
1637,1638,Contoso DVD 58 DVD Storage Binder M55 Red,Contoso,Red,6.39,13.89,602,Movie DVD,6,"Music, Movies and Audio Books",7.500000000000001
1638,1639,Contoso DVD 38 DVD Storage Binder E25 Red,Contoso,Red,5.09,9.99,602,Movie DVD,6,"Music, Movies and Audio Books",4.9
1639,1640,Contoso DVD 60 DVD Storage Binder L20 Red,Contoso,Red,7.58,22.89,602,Movie DVD,6,"Music, Movies and Audio Books",15.31
1640,1641,Contoso DVD 55DVD Storage Binder M56 Red,Contoso,Red,5.82,12.66,602,Movie DVD,6,"Music, Movies and Audio Books",6.84
1641,1642,Contoso DVD External DVD Burner M200 Black,Contoso,Black,26.62,57.88,602,Movie DVD,6,"Music, Movies and Audio Books",31.26
1642,1643,Contoso DVD External DVD Burner M200 Grey,Contoso,Grey,26.62,57.88,602,Movie DVD,6,"Music, Movies and Audio Books",31.26
1643,1644,Contoso DVD External DVD Burner M200 Blue,Contoso,Blue,26.62,57.88,602,Movie DVD,6,"Music, Movies and Audio Books",31.26
1644,1645,Contoso DVD External DVD Burner M200 Silver,Contoso,Silver,26.62,57.88,602,Movie DVD,6,"Music, Movies and Audio Books",31.26
1645,1646,Contoso DVD 9-Inch Player Portable M300 Black,Contoso,Black,73.57,159.99,602,Movie DVD,6,"Music, Movies and Audio Books",86.42000000000002
1646,1647,Contoso DVD 12-Inch Player Portable M400 Black,Contoso,Black,82.77,179.99,602,Movie DVD,6,"Music, Movies and Audio Books",97.22000000000001
1647,1648,Contoso DVD 7-Inch Player Portable E200 Black,Contoso,Black,56.08,109.99,602,Movie DVD,6,"Music, Movies and Audio Books",53.91
1648,1649,Contoso DVD 14-Inch Player Portable L100 Black,Contoso,Black,86.14,259.99,602,Movie DVD,6,"Music, Movies and Audio Books",173.85000000000002
1649,1650,Contoso DVD 15-Inch Player Portable L200 Black,Contoso,Black,96.08,289.99,602,Movie DVD,6,"Music, Movies and Audio Books",193.91000000000003
1650,1651,Contoso DVD 9-Inch Player Portable M300 Silver,Contoso,Silver,73.57,159.99,602,Movie DVD,6,"Music, Movies and Audio Books",86.42000000000002
1651,1652,Contoso DVD 12-Inch Player Portable M400 Silver,Contoso,Silver,82.77,179.99,602,Movie DVD,6,"Music, Movies and Audio Books",97.22000000000001
1652,1653,Contoso DVD 7-Inch Player Portable E200 Silver,Contoso,Silver,56.08,109.99,602,Movie DVD,6,"Music, Movies and Audio Books",53.91
1653,1654,Contoso DVD 14-Inch Player Portable L100 Silver,Contoso,Silver,86.14,259.99,602,Movie DVD,6,"Music, Movies and Audio Books",173.85000000000002
1654,1655,Contoso DVD 15-Inch Player Portable L200 Silver,Contoso,Silver,96.08,289.99,602,Movie DVD,6,"Music, Movies and Audio Books",193.91000000000003
1655,1656,Contoso DVD 9-Inch Player Portable M300 White,Contoso,White,73.57,159.99,602,Movie DVD,6,"Music, Movies and Audio Books",86.42000000000002
1656,1657,Contoso DVD 12-Inch Player Portable M400 White,Contoso,White,82.77,179.99,602,Movie DVD,6,"Music, Movies and Audio Books",97.22000000000001
1657,1658,Contoso DVD 7-Inch Player Portable E200 White,Contoso,White,56.08,109.99,602,Movie DVD,6,"Music, Movies and Audio Books",53.91
1658,1659,Contoso DVD 14-Inch Player Portable L100 White,Contoso,White,86.14,259.99,602,Movie DVD,6,"Music, Movies and Audio Books",173.85000000000002
1659,1660,Contoso DVD 15-Inch Player Portable L200 White,Contoso,White,96.08,289.99,602,Movie DVD,6,"Music, Movies and Audio Books",193.91000000000003
1660,1661,MGS Hand Games for kids E300 Yellow,Tailspin Toys,Yellow,2.8,5.5,701,Boxed Games,7,Games and Toys,2.7
1661,1662,MGS Hand Games for students E400 Yellow,Tailspin Toys,Yellow,3.56,6.99,701,Boxed Games,7,Games and Toys,3.43
1662,1663,MGS Hand Games men M300 Yellow,Tailspin Toys,Yellow,3.17,6.89,701,Boxed Games,7,Games and Toys,3.7199999999999998
1663,1664,MGS Hand Games women M400 Yellow,Tailspin Toys,Yellow,4.13,8.99,701,Boxed Games,7,Games and Toys,4.86
1664,1665,MGS Hand Games for 12-16 boys E600 Yellow,Tailspin Toys,Yellow,2.54,4.99,701,Boxed Games,7,Games and Toys,2.45
1665,1666,MGS Hand Games for Office worker L299 Yellow,Tailspin Toys,Yellow,5.6,16.89,701,Boxed Games,7,Games and Toys,11.290000000000001
1666,1667,MGS Hand Games for kids E300 Black,Tailspin Toys,Black,2.8,5.5,701,Boxed Games,7,Games and Toys,2.7
1667,1668,MGS Hand Games for students E400 Black,Tailspin Toys,Black,3.56,6.99,701,Boxed Games,7,Games and Toys,3.43
1668,1669,MGS Hand Games men M300 Black,Tailspin Toys,Black,3.17,6.89,701,Boxed Games,7,Games and Toys,3.7199999999999998
1669,1670,MGS Hand Games women M400 Black,Tailspin Toys,Black,4.13,8.99,701,Boxed Games,7,Games and Toys,4.86
1670,1671,MGS Hand Games for 12-16 boys E600 Black,Tailspin Toys,Black,2.54,4.99,701,Boxed Games,7,Games and Toys,2.45
1671,1672,MGS Hand Games for Office worker L299 Black,Tailspin Toys,Black,5.6,16.89,701,Boxed Games,7,Games and Toys,11.290000000000001
1672,1673,MGS Hand Games for kids E300 Red,Tailspin Toys,Red,2.8,5.5,701,Boxed Games,7,Games and Toys,2.7
1673,1674,MGS Hand Games for students E400 Red,Tailspin Toys,Red,3.56,6.99,701,Boxed Games,7,Games and Toys,3.43
1674,1675,MGS Hand Games men M300 Red,Tailspin Toys,Red,3.17,6.89,701,Boxed Games,7,Games and Toys,3.7199999999999998
1675,1676,MGS Hand Games women M400 Red,Tailspin Toys,Red,4.13,8.99,701,Boxed Games,7,Games and Toys,4.86
1676,1677,MGS Hand Games for 12-16 boys E600 Red,Tailspin Toys,Red,2.54,4.99,701,Boxed Games,7,Games and Toys,2.45
1677,1678,MGS Hand Games for Office worker L299 Red,Tailspin Toys,Red,5.6,16.89,701,Boxed Games,7,Games and Toys,11.290000000000001
1678,1679,MGS Hand Games for kids E300 Silver,Tailspin Toys,Silver,2.8,5.5,701,Boxed Games,7,Games and Toys,2.7
1679,1680,MGS Hand Games for students E400 Silver,Tailspin Toys,Silver,3.56,6.99,701,Boxed Games,7,Games and Toys,3.43
1680,1681,MGS Hand Games men M300 Silver,Tailspin Toys,Silver,3.17,6.89,701,Boxed Games,7,Games and Toys,3.7199999999999998
1681,1682,MGS Hand Games women M400 Silver,Tailspin Toys,Silver,4.13,8.99,701,Boxed Games,7,Games and Toys,4.86
1682,1683,MGS Hand Games for 12-16 boys E600 Silver,Tailspin Toys,Silver,2.54,4.99,701,Boxed Games,7,Games and Toys,2.45
1683,1684,MGS Hand Games for Office worker L299 Silver,Tailspin Toys,Silver,5.6,16.89,701,Boxed Games,7,Games and Toys,11.290000000000001
1684,1685,SV Hand Games for kids E30 Yellow,Southridge Video,Yellow,2.75,5.39,701,Boxed Games,7,Games and Toys,2.6399999999999997
1685,1686,SV Hand Games for students E40 Yellow,Southridge Video,Yellow,3.56,6.99,701,Boxed Games,7,Games and Toys,3.43
1686,1687,SV Hand Games men M30 Yellow,Southridge Video,Yellow,3.16,6.88,701,Boxed Games,7,Games and Toys,3.7199999999999998
1687,1688,SV Hand Games women M40 Yellow,Southridge Video,Yellow,4.08,8.88,701,Boxed Games,7,Games and Toys,4.800000000000001
1688,1689,SV Hand Games for 12-16 boys E60 Yellow,Southridge Video,Yellow,2.54,4.98,701,Boxed Games,7,Games and Toys,2.4400000000000004
1689,1690,SV Hand Games for Office worker L28 Yellow,Southridge Video,Yellow,5.63,16.99,701,Boxed Games,7,Games and Toys,11.36
1690,1691,SV Hand Games for kids E30 Black,Southridge Video,Black,2.75,5.39,701,Boxed Games,7,Games and Toys,2.6399999999999997
1691,1692,SV Hand Games for students E40 Black,Southridge Video,Black,3.56,6.99,701,Boxed Games,7,Games and Toys,3.43
1692,1693,SV Hand Games men M30 Black,Southridge Video,Black,3.16,6.88,701,Boxed Games,7,Games and Toys,3.7199999999999998
1693,1694,SV Hand Games women M40 Black,Southridge Video,Black,4.08,8.88,701,Boxed Games,7,Games and Toys,4.800000000000001
1694,1695,SV Hand Games for 12-16 boys E60 Black,Southridge Video,Black,2.54,4.98,701,Boxed Games,7,Games and Toys,2.4400000000000004
1695,1696,SV Hand Games for Office worker L28 Black,Southridge Video,Black,5.63,16.99,701,Boxed Games,7,Games and Toys,11.36
1696,1697,SV Hand Games for kids E30 Red,Southridge Video,Red,2.75,5.39,701,Boxed Games,7,Games and Toys,2.6399999999999997
1697,1698,SV Hand Games for students E40 Red,Southridge Video,Red,3.56,6.99,701,Boxed Games,7,Games and Toys,3.43
1698,1699,SV Hand Games men M30 Red,Southridge Video,Red,3.16,6.88,701,Boxed Games,7,Games and Toys,3.7199999999999998
1699,1700,SV Hand Games women M40 Red,Southridge Video,Red,4.08,8.88,701,Boxed Games,7,Games and Toys,4.800000000000001
1700,1701,SV Hand Games for 12-16 boys E60 Red,Southridge Video,Red,2.54,4.98,701,Boxed Games,7,Games and Toys,2.4400000000000004
1701,1702,SV Hand Games for Office worker L28 Red,Southridge Video,Red,5.63,16.99,701,Boxed Games,7,Games and Toys,11.36
1702,1703,SV Hand Games for kids E30 Silver,Southridge Video,Silver,2.75,5.39,701,Boxed Games,7,Games and Toys,2.6399999999999997
1703,1704,SV Hand Games for students E40 Silver,Southridge Video,Silver,3.56,6.99,701,Boxed Games,7,Games and Toys,3.43
1704,1705,SV Hand Games men M30 Silver,Southridge Video,Silver,3.16,6.88,701,Boxed Games,7,Games and Toys,3.7199999999999998
1705,1706,SV Hand Games women M40 Silver,Southridge Video,Silver,4.08,8.88,701,Boxed Games,7,Games and Toys,4.800000000000001
1706,1707,MGS Dal of Honor Airborne M150,Tailspin Toys,Silver,32.25,70.13,702,Download Games,7,Games and Toys,37.879999999999995
1707,1708,MGS Collector's M160,Tailspin Toys,Black,32.25,70.13,702,Download Games,7,Games and Toys,37.879999999999995
1708,1709,MGS Gears of War M170,Tailspin Toys,Blue,32.25,70.13,702,Download Games,7,Games and Toys,37.879999999999995
1709,1710,MGS Age of Empires III: The Asian Dynasties M180,Tailspin Toys,Silver,32.25,70.13,702,Download Games,7,Games and Toys,37.879999999999995
1710,1711,MGS Age of Empires III: The Asian Dynasties M190,Tailspin Toys,Black,32.25,70.13,702,Download Games,7,Games and Toys,37.879999999999995
1711,1712,MGS Flight Simulator X Acceleration Expansion Pack M200,Tailspin Toys,Silver,32.25,70.13,702,Download Games,7,Games and Toys,37.879999999999995
1712,1713,MGS Zoo Tycoon 2: Extinct Animals M210,Tailspin Toys,Silver,32.25,70.13,702,Download Games,7,Games and Toys,37.879999999999995
1713,1714,MGS Halo 2 for Windows Vista M220,Tailspin Toys,White,32.25,70.13,702,Download Games,7,Games and Toys,37.879999999999995
1714,1715,MGS Shadow-run M230,Tailspin Toys,White,32.25,70.13,702,Download Games,7,Games and Toys,37.879999999999995
1715,1716,MGS Age of Empires III: The War Chiefs M240,Tailspin Toys,Black,32.25,70.13,702,Download Games,7,Games and Toys,37.879999999999995
1716,1717,MGS Flight Simulator X M250,Tailspin Toys,Pink,32.25,70.13,702,Download Games,7,Games and Toys,37.879999999999995
1717,1718,MGS Zoo Tycoon 2: Zookeeper Collection M260,Tailspin Toys,Blue,32.25,70.13,702,Download Games,7,Games and Toys,37.879999999999995
1718,1719,MGS Zoo Tycoon 2: Marine Mania Expansion Pack M270,Tailspin Toys,Black,32.25,70.13,702,Download Games,7,Games and Toys,37.879999999999995
1719,1720,MGS Zoo Tycoon 2: African Adventure M280,Tailspin Toys,Black,32.25,70.13,702,Download Games,7,Games and Toys,37.879999999999995
1720,1721,MGS Rise of Nations: Rise of Legends M290,Tailspin Toys,Black,32.25,70.13,702,Download Games,7,Games and Toys,37.879999999999995
1721,1722,MGS Zoo Tycoon 2: End range Species Expansion Pack E105,Tailspin Toys,Silver,28.55,56.0,702,Download Games,7,Games and Toys,27.45
1722,1723,MGS Age of Empires III: The Asian Dynasties E106,Tailspin Toys,Pink,28.55,56.0,702,Download Games,7,Games and Toys,27.45
1723,1724,MGS Fable: The Lost Chapters E107,Tailspin Toys,Silver,28.55,56.0,702,Download Games,7,Games and Toys,27.45
1724,1725,MGS Dungeon Siege II E105,Tailspin Toys,Silver,28.55,56.0,702,Download Games,7,Games and Toys,27.45
1725,1726,MGS Zoo Tycoon 2 E108,Tailspin Toys,Silver,28.55,56.0,702,Download Games,7,Games and Toys,27.45
1726,1727,MGS Rise of Nations: Gold Edition M300,Tailspin Toys,Pink,25.75,56.0,702,Download Games,7,Games and Toys,30.25
1727,1728,MGS Age of Mythology: Gold Edition M310,Tailspin Toys,Blue,36.7,79.8,702,Download Games,7,Games and Toys,43.099999999999994
1728,1729,MGS Rise of Nations: Thrones and Patriots M320,Tailspin Toys,Blue,35.72,77.68,702,Download Games,7,Games and Toys,41.96000000000001
1729,1730,MGS Dungeon Siege: Legends of Aranna M330,Tailspin Toys,Blue,35.72,77.68,702,Download Games,7,Games and Toys,41.96000000000001
1730,1731,MGS King& Myths: The Age Collection M340,Tailspin Toys,Black,33.32,72.45,702,Download Games,7,Games and Toys,39.13
1731,1732,MGS Age of Mythology: The Titans Expansion M350,Tailspin Toys,Black,33.32,72.45,702,Download Games,7,Games and Toys,39.13
1732,1733,MGS Halo: Combat Evolved E109,Tailspin Toys,Silver,11.62,22.79,702,Download Games,7,Games and Toys,11.17
1733,1734,MGS Zoo Tycoon Complete Collection E110,Tailspin Toys,Blue,14.28,28.0,702,Download Games,7,Games and Toys,13.72
1734,1735,MGS Flight Simulator 2004: A Century of Flight E111,Tailspin Toys,Black,14.28,28.0,702,Download Games,7,Games and Toys,13.72
1735,1736,MGS Rise of Nations E112,Tailspin Toys,White,14.28,28.0,702,Download Games,7,Games and Toys,13.72
1736,1737,MGS Freelancer E113,Tailspin Toys,Silver,14.28,28.0,702,Download Games,7,Games and Toys,13.72
1737,1738,MGS Impossible Creatures E114,Tailspin Toys,Blue,14.28,28.0,702,Download Games,7,Games and Toys,13.72
1738,1739,MGS RalliSport Challenge E115,Tailspin Toys,Silver,14.28,28.0,702,Download Games,7,Games and Toys,13.72
1739,1740,MGS MechCollection E116,Tailspin Toys,Silver,14.28,28.0,702,Download Games,7,Games and Toys,13.72
1740,1741,MGS MechWarrior 4: Mercenaries E117,Tailspin Toys,Blue,14.28,28.0,702,Download Games,7,Games and Toys,13.72
1741,1742,MGS Age of Mythology E118,Tailspin Toys,Pink,14.28,28.0,702,Download Games,7,Games and Toys,13.72
1742,1743,MGS Combat Flight Simulator 3 E119,Tailspin Toys,Blue,14.28,28.0,702,Download Games,7,Games and Toys,13.72
1743,1744,MGS Zoo Tycoon Marine Mania E120,Tailspin Toys,Black,14.28,28.0,702,Download Games,7,Games and Toys,13.72
1744,1745,MGS MechWarrior 4 Mach Packs X100,Tailspin Toys,Blue,36.11,109.0,702,Download Games,7,Games and Toys,72.89
1745,1746,MGS Zoo Tycoon Dinosaur Digs X200,Tailspin Toys,Black,36.11,109.0,702,Download Games,7,Games and Toys,72.89
1746,1747,MGS Dungeon Siege X300,Tailspin Toys,Blue,36.11,109.0,702,Download Games,7,Games and Toys,72.89
1747,1748,MGS Classic Flight Collection X400,Tailspin Toys,Black,36.11,109.0,702,Download Games,7,Games and Toys,72.89
1748,1749,MGS Bicycle Board Games X500,Tailspin Toys,Grey,36.11,109.0,702,Download Games,7,Games and Toys,72.89
1749,1750,MGS Bicycle Card Games X600,Tailspin Toys,White,36.11,109.0,702,Download Games,7,Games and Toys,72.89
1750,1751,MGS Bicycle Casino Games X700,Tailspin Toys,Silver,36.11,109.0,702,Download Games,7,Games and Toys,72.89
1751,1752,MGS Flight Simulator 2002 M360,Tailspin Toys,Pink,40.93,89.0,702,Download Games,7,Games and Toys,48.07
1752,1753,MGS Racing Madness 2 M370,Tailspin Toys,Pink,40.93,89.0,702,Download Games,7,Games and Toys,48.07
1753,1754,MGS Zoo Tycoon M380,Tailspin Toys,Blue,40.93,89.0,702,Download Games,7,Games and Toys,48.07
1754,1755,MGS MechWarrior 4: Knight E121,Tailspin Toys,Black,33.09,64.9,702,Download Games,7,Games and Toys,31.810000000000002
1755,1756,MGS Age of Empires II Gold Edition E122,Tailspin Toys,Black,33.09,64.9,702,Download Games,7,Games and Toys,31.810000000000002
1756,1757,MGS MechCommander 2 E123,Tailspin Toys,Black,28.5,55.9,702,Download Games,7,Games and Toys,27.4
1757,1758,MGS Train Simulator E124,Tailspin Toys,White,25.77,50.54,702,Download Games,7,Games and Toys,24.77
1758,1759,MGS MechWarrior 4: Vengeance X800,Tailspin Toys,Purple,34.75,104.89,702,Download Games,7,Games and Toys,70.14
1759,1760,MGS Return of Arcade Anniversary Edition M390,Tailspin Toys,Blue,43.6,94.8,702,Download Games,7,Games and Toys,51.199999999999996
1760,1761,MGS Combat Flight Simulator 2 M400,Tailspin Toys,Black,33.75,73.39,702,Download Games,7,Games and Toys,39.64
1761,1762,MGS Age of Empires II: The Conquerors Expansion E125,Tailspin Toys,Black,16.0,31.39,702,Download Games,7,Games and Toys,15.39
1762,1763,MGS Flight Simulator 2000 M410,Tailspin Toys,Pink,45.87,99.75,702,Download Games,7,Games and Toys,53.88
1763,1764,MGS Age of Empires II: The Age of Kings E126,Tailspin Toys,Blue,23.86,46.8,702,Download Games,7,Games and Toys,22.939999999999998
1764,1765,MGS Age of Empires Expansion: The Rise of Rome X900,Tailspin Toys,Blue,198.39,598.8,702,Download Games,7,Games and Toys,400.40999999999997
1765,1766,MGS Age of Empires 2008new M420,Tailspin Toys,Black,24.83,54.0,702,Download Games,7,Games and Toys,29.17
1766,1767,MGS Dal of Honor Airborne 2008 M430,Tailspin Toys,White,15.64,34.0,702,Download Games,7,Games and Toys,18.36
1767,1768,MGS Empires Collector's 2008 M440,Tailspin Toys,Purple,15.64,34.0,702,Download Games,7,Games and Toys,18.36
1768,1769,MGS Gears of War 2008 M450,Tailspin Toys,White,15.64,34.0,702,Download Games,7,Games and Toys,18.36
1769,1770,MGS Age of Empires III: The Asian Dynasties 2008 E126,Tailspin Toys,White,17.33,34.0,702,Download Games,7,Games and Toys,16.67
1770,1771,MGS Age of Empires III: The Asian Dynasties 2009 E127,Tailspin Toys,White,17.33,34.0,702,Download Games,7,Games and Toys,16.67
1771,1772,MGS Flight Simulator X Acceleration Expansion Pack 2009 E128,Tailspin Toys,Blue,17.33,34.0,702,Download Games,7,Games and Toys,16.67
1772,1773,MGS Zoo Tycoon 2: Extinct Animals 2008 E129,Tailspin Toys,Black,21.92,43.0,702,Download Games,7,Games and Toys,21.08
1773,1774,MGS Halo 2 for Windows Vista 2009 E130,Tailspin Toys,Silver,21.92,43.0,702,Download Games,7,Games and Toys,21.08
1774,1775,MGS Shadow-run 2008 E131,Tailspin Toys,Pink,21.92,43.0,702,Download Games,7,Games and Toys,21.08
1775,1776,MGS Age of Empires III: The War Chiefs 2007 E132,Tailspin Toys,Black,21.92,43.0,702,Download Games,7,Games and Toys,21.08
1776,1777,MGS Flight Simulator X 2008 E133,Tailspin Toys,Silver,21.92,43.0,702,Download Games,7,Games and Toys,21.08
1777,1778,MGS Zoo Tycoon 2: Zookeeper Collection 2008 E134,Tailspin Toys,Pink,21.92,43.0,702,Download Games,7,Games and Toys,21.08
1778,1779,MGS Zoo Tycoon2: Marine Mania Expansion Pack 2008 E135,Tailspin Toys,Blue,21.92,43.0,702,Download Games,7,Games and Toys,21.08
1779,1780,MGS Zoo Tycoon 2: African Adventure 2008 E136,Tailspin Toys,Blue,21.92,43.0,702,Download Games,7,Games and Toys,21.08
1780,1781,MGS Rise of Nations: Rise of Legends 2008 E137,Tailspin Toys,White,21.92,43.0,702,Download Games,7,Games and Toys,21.08
1781,1782,MGS Zoo Tycoon 2: End Range Species Expansion Pack 2008 E138,Tailspin Toys,Silver,21.92,43.0,702,Download Games,7,Games and Toys,21.08
1782,1783,MGS Age of Empires III 2008 E139,Tailspin Toys,White,21.92,43.0,702,Download Games,7,Games and Toys,21.08
1783,1784,MGS Fable: The Lost Chapters2008 E140,Tailspin Toys,White,21.92,43.0,702,Download Games,7,Games and Toys,21.08
1784,1785,MGS Dungeon 2007 E141,Tailspin Toys,Silver,21.92,43.0,702,Download Games,7,Games and Toys,21.08
1785,1786,MGS Zoo Tycoon 2008 E142,Tailspin Toys,Pink,21.92,43.0,702,Download Games,7,Games and Toys,21.08
1786,1787,MGS Rise of Nations: Gold Edition 2009 E143,Tailspin Toys,Pink,21.92,43.0,702,Download Games,7,Games and Toys,21.08
1787,1788,MGS Age of Mythology: Gold Edition 2009 E144,Tailspin Toys,Silver,21.92,43.0,702,Download Games,7,Games and Toys,21.08
1788,1789,MGS Rise of Nations: Thrones and Patriots2009 E145,Tailspin Toys,Yellow,21.92,43.0,702,Download Games,7,Games and Toys,21.08
1789,1790,MGS Dungeon Siege: Legends of Aranna 2009 E146,Tailspin Toys,Silver,21.92,43.0,702,Download Games,7,Games and Toys,21.08
1790,1791,MGS Kings & Myths: The Age Collection2009 E147,Tailspin Toys,Pink,21.92,43.0,702,Download Games,7,Games and Toys,21.08
1791,1792,MGS Age of Mythology: The Titans Expansion 2009 E148,Tailspin Toys,Pink,21.92,43.0,702,Download Games,7,Games and Toys,21.08
1792,1793,MGS Halo: Combat Evolved2009 E149,Tailspin Toys,Pink,21.92,43.0,702,Download Games,7,Games and Toys,21.08
1793,1794,MGS Zoo Tycoon Complete Collection2009 E150,Tailspin Toys,Silver,21.92,43.0,702,Download Games,7,Games and Toys,21.08
1794,1795,MGS Flight Simulator 2009: A Century of Flight E151,Tailspin Toys,Silver,21.92,43.0,702,Download Games,7,Games and Toys,21.08
1795,1796,MGS Rise of Nations2009 E152,Tailspin Toys,Silver,21.92,43.0,702,Download Games,7,Games and Toys,21.08
1796,1797,MGS Freelancer 2009 E153,Tailspin Toys,Silver,21.92,43.0,702,Download Games,7,Games and Toys,21.08
1797,1798,MGS Impossible Creatures2009 E154,Tailspin Toys,Black,21.92,43.0,702,Download Games,7,Games and Toys,21.08
1798,1799,MGS RalliSport Challenge2009 E155,Tailspin Toys,Silver,13.26,26.0,702,Download Games,7,Games and Toys,12.74
1799,1800,MGS MechCollection2009 E156,Tailspin Toys,White,16.31,32.0,702,Download Games,7,Games and Toys,15.690000000000001
1800,1801,MGS MechWarrior4: Mercenaries2009 E157,Tailspin Toys,White,16.31,32.0,702,Download Games,7,Games and Toys,15.690000000000001
1801,1802,MGS Age of Mythology 2009 E158,Tailspin Toys,White,16.31,32.0,702,Download Games,7,Games and Toys,15.690000000000001
1802,1803,MGS Combat Flight Simulator 2009 E159,Tailspin Toys,Blue,16.31,32.0,702,Download Games,7,Games and Toys,15.690000000000001
1803,1804,MGS Zoo Tycoon Marine Mania 2009 E160,Tailspin Toys,Blue,16.31,32.0,702,Download Games,7,Games and Toys,15.690000000000001
1804,1805,MGS MechWarrior 4 Mach Paks2009 E161,Tailspin Toys,Green,16.31,32.0,702,Download Games,7,Games and Toys,15.690000000000001
1805,1806,MGS Zoo Tycoon Dinosaur Digs2009 E162,Tailspin Toys,Blue,16.31,32.0,702,Download Games,7,Games and Toys,15.690000000000001
1806,1807,MGS Dungeon Siege 2009 E163,Tailspin Toys,Gold,16.31,32.0,702,Download Games,7,Games and Toys,15.690000000000001
1807,1808,MGS Classic Flight Collection2009 E164,Tailspin Toys,Pink,16.31,32.0,702,Download Games,7,Games and Toys,15.690000000000001
1808,1809,MGS Bicycle Board Games2009 E165,Tailspin Toys,Blue,16.31,32.0,702,Download Games,7,Games and Toys,15.690000000000001
1809,1810,MGS Bicycle Card Games2009 E166,Tailspin Toys,Blue,16.31,32.0,702,Download Games,7,Games and Toys,15.690000000000001
1810,1811,MGS Bicycle Casino Games2009 E167,Tailspin Toys,Blue,16.31,32.0,702,Download Games,7,Games and Toys,15.690000000000001
1811,1812,MGS Flight Simulator 2009 E168,Tailspin Toys,Blue,16.31,32.0,702,Download Games,7,Games and Toys,15.690000000000001
1812,1813,MGS Racing Madness 2009 E169,Tailspin Toys,Blue,16.31,32.0,702,Download Games,7,Games and Toys,15.690000000000001
1813,1814,MGS Zoo Tycoon2009 E170,Tailspin Toys,Blue,16.31,32.0,702,Download Games,7,Games and Toys,15.690000000000001
1814,1815,MGS MechWarrior 4:Knight2009 E171,Tailspin Toys,Blue,16.31,32.0,702,Download Games,7,Games and Toys,15.690000000000001
1815,1816,MGS Age of Empires II Gold Edition2009 E172,Tailspin Toys,Blue,16.31,32.0,702,Download Games,7,Games and Toys,15.690000000000001
1816,1817,MGS MechCommander 2009 E173,Tailspin Toys,Blue,16.31,32.0,702,Download Games,7,Games and Toys,15.690000000000001
1817,1818,MGS Train Simulator 2009 E174,Tailspin Toys,Blue,16.31,32.0,702,Download Games,7,Games and Toys,15.690000000000001
1818,1819,MGS MechWarrior 4: Vengeance 2009 E175,Tailspin Toys,Blue,16.31,32.0,702,Download Games,7,Games and Toys,15.690000000000001
1819,1820,MGS Return of Arcade Anniversary Edition 2009 E176,Tailspin Toys,Blue,16.31,32.0,702,Download Games,7,Games and Toys,15.690000000000001
1820,1821,MGS Combat Flight Simulator 2009 E177,Tailspin Toys,Blue,16.31,32.0,702,Download Games,7,Games and Toys,15.690000000000001
1821,1822,MGS Age of Empires II: The Conquerors Expansion 2009 E178,Tailspin Toys,Blue,16.31,32.0,702,Download Games,7,Games and Toys,15.690000000000001
1822,1823,MGS Flight Simulator 2009 E179,Tailspin Toys,Blue,16.31,32.0,702,Download Games,7,Games and Toys,15.690000000000001
1823,1824,MGS Age of Empires II: The Age of Kings 2009 E180,Tailspin Toys,Blue,16.31,32.0,702,Download Games,7,Games and Toys,15.690000000000001
1824,1825,MGS Age of Empires Expansion: The Rise of Rome 2009 E181,Tailspin Toys,Blue,16.31,32.0,702,Download Games,7,Games and Toys,15.690000000000001
1825,1826,"MGS Age of Empires, 2009 E182",Tailspin Toys,Blue,16.31,32.0,702,Download Games,7,Games and Toys,15.690000000000001
1826,1827,Litware Washer & Dryer 27in L420 White,Litware,White,878.66,2652.0,801,Washers & Dryers,8,Home Appliances,1773.3400000000001
1827,1828,Litware Washer & Dryer 25.5in M350 White,Litware,White,914.67,1989.0,801,Washers & Dryers,8,Home Appliances,1074.33
1828,1829,Litware Washer & Dryer 24in M260 White,Litware,White,836.03,1818.0,801,Washers & Dryers,8,Home Appliances,981.97
1829,1830,Litware Washer & Dryer 21in E214 White,Litware,White,815.22,1599.0,801,Washers & Dryers,8,Home Appliances,783.78
1830,1831,Litware Washer & Dryer 15.5in E150 White,Litware,White,509.32,999.0,801,Washers & Dryers,8,Home Appliances,489.68
1831,1832,Litware Washer & Dryer 27in L420 Silver,Litware,Silver,878.66,2652.0,801,Washers & Dryers,8,Home Appliances,1773.3400000000001
1832,1833,Litware Washer & Dryer 25.5in M350 Silver,Litware,Silver,914.67,1989.0,801,Washers & Dryers,8,Home Appliances,1074.33
1833,1834,Litware Washer & Dryer 24in M260 Silver,Litware,Silver,836.03,1818.0,801,Washers & Dryers,8,Home Appliances,981.97
1834,1835,Litware Washer & Dryer 21in E214 Silver,Litware,Silver,815.22,1599.0,801,Washers & Dryers,8,Home Appliances,783.78
1835,1836,Litware Washer & Dryer 15.5in E150 Silver,Litware,Silver,509.32,999.0,801,Washers & Dryers,8,Home Appliances,489.68
1836,1837,Litware Washer & Dryer 27in L420 Blue,Litware,Blue,878.66,2652.0,801,Washers & Dryers,8,Home Appliances,1773.3400000000001
1837,1838,Litware Washer & Dryer 25.5in M350 Blue,Litware,Blue,914.67,1989.0,801,Washers & Dryers,8,Home Appliances,1074.33
1838,1839,Litware Washer & Dryer 24in M260 Blue,Litware,Blue,836.03,1818.0,801,Washers & Dryers,8,Home Appliances,981.97
1839,1840,Litware Washer & Dryer 21in E214 Blue,Litware,Blue,815.22,1599.0,801,Washers & Dryers,8,Home Appliances,783.78
1840,1841,Litware Washer & Dryer 15.5in E150 Blue,Litware,Blue,509.32,999.0,801,Washers & Dryers,8,Home Appliances,489.68
1841,1842,Litware Washer & Dryer 27in L420 Green,Litware,Green,878.66,2652.0,801,Washers & Dryers,8,Home Appliances,1773.3400000000001
1842,1843,Litware Washer & Dryer 25.5in M350 Green,Litware,Green,914.67,1989.0,801,Washers & Dryers,8,Home Appliances,1074.33
1843,1844,Litware Washer & Dryer 24in M260 Green,Litware,Green,836.03,1818.0,801,Washers & Dryers,8,Home Appliances,981.97
1844,1845,Litware Washer & Dryer 21in E214 Green,Litware,Green,815.22,1599.0,801,Washers & Dryers,8,Home Appliances,783.78
1845,1846,Litware Washer & Dryer 15.5in E150 Green,Litware,Green,509.32,999.0,801,Washers & Dryers,8,Home Appliances,489.68
1846,1847,NT Washer & Dryer 27in L2700 White,Northwind Traders,White,878.96,2652.9,801,Washers & Dryers,8,Home Appliances,1773.94
1847,1848,NT Washer & Dryer 25.5in M2550 White,Northwind Traders,White,915.08,1989.9,801,Washers & Dryers,8,Home Appliances,1074.8200000000002
1848,1849,NT Washer & Dryer 24in M2400 White,Northwind Traders,White,836.45,1818.9,801,Washers & Dryers,8,Home Appliances,982.45
1849,1850,NT Washer & Dryer 21in E2100 White,Northwind Traders,White,815.68,1599.9,801,Washers & Dryers,8,Home Appliances,784.2200000000001
1850,1851,NT Washer & Dryer 15.5in E1550 White,Northwind Traders,White,509.78,999.9,801,Washers & Dryers,8,Home Appliances,490.12
1851,1852,NT Washer & Dryer 27in L2700 Silver,Northwind Traders,Silver,878.96,2652.9,801,Washers & Dryers,8,Home Appliances,1773.94
1852,1853,NT Washer & Dryer 25.5in M2550 Silver,Northwind Traders,Silver,915.08,1989.9,801,Washers & Dryers,8,Home Appliances,1074.8200000000002
1853,1854,NT Washer & Dryer 24in M2400 Silver,Northwind Traders,Silver,836.45,1818.9,801,Washers & Dryers,8,Home Appliances,982.45
1854,1855,NT Washer & Dryer 21in E2100 Silver,Northwind Traders,Silver,815.68,1599.9,801,Washers & Dryers,8,Home Appliances,784.2200000000001
1855,1856,NT Washer & Dryer 15.5in E1550 Silver,Northwind Traders,Silver,509.78,999.9,801,Washers & Dryers,8,Home Appliances,490.12
1856,1857,NT Washer & Dryer 27in L2700 Blue,Northwind Traders,Blue,878.96,2652.9,801,Washers & Dryers,8,Home Appliances,1773.94
1857,1858,NT Washer & Dryer 25.5in M2550 Blue,Northwind Traders,Blue,915.08,1989.9,801,Washers & Dryers,8,Home Appliances,1074.8200000000002
1858,1859,NT Washer & Dryer 24in M2400 Blue,Northwind Traders,Blue,836.45,1818.9,801,Washers & Dryers,8,Home Appliances,982.45
1859,1860,NT Washer & Dryer 21in E2100 Blue,Northwind Traders,Blue,815.68,1599.9,801,Washers & Dryers,8,Home Appliances,784.2200000000001
1860,1861,NT Washer & Dryer 15.5in E1550 Blue,Northwind Traders,Blue,509.78,999.9,801,Washers & Dryers,8,Home Appliances,490.12
1861,1862,NT Washer & Dryer 27in L2700 Green,Northwind Traders,Green,878.96,2652.9,801,Washers & Dryers,8,Home Appliances,1773.94
1862,1863,NT Washer & Dryer 25.5in M2550 Green,Northwind Traders,Green,915.08,1989.9,801,Washers & Dryers,8,Home Appliances,1074.8200000000002
1863,1864,NT Washer & Dryer 24in M2400 Green,Northwind Traders,Green,836.45,1818.9,801,Washers & Dryers,8,Home Appliances,982.45
1864,1865,NT Washer & Dryer 21in E2100 Green,Northwind Traders,Green,815.68,1599.9,801,Washers & Dryers,8,Home Appliances,784.2200000000001
1865,1866,NT Washer & Dryer 15.5in E1550 Green,Northwind Traders,Green,509.78,999.9,801,Washers & Dryers,8,Home Appliances,490.12
1866,1867,Contoso Washer & Dryer 27in L270 White,Contoso,White,878.66,2652.0,801,Washers & Dryers,8,Home Appliances,1773.3400000000001
1867,1868,Contoso Washer & Dryer 25.5in M255 White,Contoso,White,914.67,1989.0,801,Washers & Dryers,8,Home Appliances,1074.33
1868,1869,Contoso Washer & Dryer 24in M240 White,Contoso,White,836.03,1818.0,801,Washers & Dryers,8,Home Appliances,981.97
1869,1870,Contoso Washer & Dryer 21in E210 White,Contoso,White,815.22,1599.0,801,Washers & Dryers,8,Home Appliances,783.78
1870,1871,Contoso Washer & Dryer 15.5in E155 White,Contoso,White,509.32,999.0,801,Washers & Dryers,8,Home Appliances,489.68
1871,1872,Contoso Washer & Dryer 27in L270 Silver,Contoso,Silver,878.66,2652.0,801,Washers & Dryers,8,Home Appliances,1773.3400000000001
1872,1873,Contoso Washer & Dryer 25.5in M255 Silver,Contoso,Silver,914.67,1989.0,801,Washers & Dryers,8,Home Appliances,1074.33
1873,1874,Contoso Washer & Dryer 24in M240 Silver,Contoso,Silver,836.03,1818.0,801,Washers & Dryers,8,Home Appliances,981.97
1874,1875,Contoso Washer & Dryer 21in E210 Silver,Contoso,Silver,815.22,1599.0,801,Washers & Dryers,8,Home Appliances,783.78
1875,1876,Contoso Washer & Dryer 15.5in E155 Silver,Contoso,Silver,509.32,999.0,801,Washers & Dryers,8,Home Appliances,489.68
1876,1877,Contoso Washer & Dryer 27in L270 Blue,Contoso,Blue,878.66,2652.0,801,Washers & Dryers,8,Home Appliances,1773.3400000000001
1877,1878,Contoso Washer & Dryer 25.5in M255 Blue,Contoso,Blue,914.67,1989.0,801,Washers & Dryers,8,Home Appliances,1074.33
1878,1879,Contoso Washer & Dryer 24in M240 Blue,Contoso,Blue,836.03,1818.0,801,Washers & Dryers,8,Home Appliances,981.97
1879,1880,Contoso Washer & Dryer 21in E210 Blue,Contoso,Blue,815.22,1599.0,801,Washers & Dryers,8,Home Appliances,783.78
1880,1881,Contoso Washer & Dryer 15.5in E155 Blue,Contoso,Blue,509.32,999.0,801,Washers & Dryers,8,Home Appliances,489.68
1881,1882,Contoso Washer & Dryer 27in L270 Green,Contoso,Green,878.66,2652.0,801,Washers & Dryers,8,Home Appliances,1773.3400000000001
1882,1883,Contoso Washer & Dryer 25.5in M255 Green,Contoso,Green,914.67,1989.0,801,Washers & Dryers,8,Home Appliances,1074.33
1883,1884,Contoso Washer & Dryer 24in M240 Green,Contoso,Green,836.03,1818.0,801,Washers & Dryers,8,Home Appliances,981.97
1884,1885,Contoso Washer & Dryer 21in E210 Green,Contoso,Green,815.22,1599.0,801,Washers & Dryers,8,Home Appliances,783.78
1885,1886,Contoso Washer & Dryer 15.5in E155 Green,Contoso,Green,509.32,999.0,801,Washers & Dryers,8,Home Appliances,489.68
1886,1887,Contoso Washer & Dryer 27in L270 Red,Contoso,Red,878.66,2652.0,801,Washers & Dryers,8,Home Appliances,1773.3400000000001
1887,1888,Contoso Washer & Dryer 25.5in M255 Red,Contoso,Red,914.67,1989.0,801,Washers & Dryers,8,Home Appliances,1074.33
1888,1889,Contoso Washer & Dryer 24in M240 Red,Contoso,Red,836.03,1818.0,801,Washers & Dryers,8,Home Appliances,981.97
1889,1890,Contoso Washer & Dryer 21in E210 Red,Contoso,Red,815.22,1599.0,801,Washers & Dryers,8,Home Appliances,783.78
1890,1891,Contoso Washer & Dryer 15.5in E155 Red,Contoso,Red,509.32,999.0,801,Washers & Dryers,8,Home Appliances,489.68
1891,1892,Contoso Washer & Dryer 27in L270 Pink,Contoso,Pink,878.66,2652.0,801,Washers & Dryers,8,Home Appliances,1773.3400000000001
1892,1893,Contoso Washer & Dryer 25.5in M255 Pink,Contoso,Pink,914.67,1989.0,801,Washers & Dryers,8,Home Appliances,1074.33
1893,1894,Contoso Washer & Dryer 24in M240 Pink,Contoso,Pink,836.03,1818.0,801,Washers & Dryers,8,Home Appliances,981.97
1894,1895,Contoso Washer & Dryer 21in E210 Pink,Contoso,Pink,815.22,1599.0,801,Washers & Dryers,8,Home Appliances,783.78
1895,1896,Contoso Washer & Dryer 15.5in E155 Pink,Contoso,Pink,509.32,999.0,801,Washers & Dryers,8,Home Appliances,489.68
1896,1897,Fabrikam Refrigerator 24.7CuFt X9800 White,Fabrikam,White,1060.22,3199.99,802,Refrigerators,8,Home Appliances,2139.7699999999995
1897,1898,Fabrikam Refrigerator 19CuFt M7600 White,Fabrikam,White,413.42,899.0,802,Refrigerators,8,Home Appliances,485.58
1898,1899,Fabrikam Refrigerator 9.7CuFt M5600 White,Fabrikam,White,226.71,493.0,802,Refrigerators,8,Home Appliances,266.28999999999996
1899,1900,Fabrikam Refrigerator 4.6CuFt E2800 White,Fabrikam,White,152.94,299.99,802,Refrigerators,8,Home Appliances,147.05
1900,1901,Fabrikam Refrigerator 3.2CuFt E1600 White,Fabrikam,White,142.75,279.99,802,Refrigerators,8,Home Appliances,137.24
1901,1902,Fabrikam Refrigerator 1.7CuFt E1200 White,Fabrikam,White,66.27,129.99,802,Refrigerators,8,Home Appliances,63.72000000000001
1902,1903,Fabrikam Refrigerator 24.7CuFt X9800 Brown,Fabrikam,Brown,1060.22,3199.99,802,Refrigerators,8,Home Appliances,2139.7699999999995
1903,1904,Fabrikam Refrigerator 19CuFt M7600 Brown,Fabrikam,Brown,413.42,899.0,802,Refrigerators,8,Home Appliances,485.58
1904,1905,Fabrikam Refrigerator 9.7CuFt M5600 Brown,Fabrikam,Brown,226.71,493.0,802,Refrigerators,8,Home Appliances,266.28999999999996
1905,1906,Fabrikam Refrigerator 4.6CuFt E2800 Brown,Fabrikam,Brown,152.94,299.99,802,Refrigerators,8,Home Appliances,147.05
1906,1907,Fabrikam Refrigerator 3.2CuFt E1600 Brown,Fabrikam,Brown,142.75,279.99,802,Refrigerators,8,Home Appliances,137.24
1907,1908,Fabrikam Refrigerator 1.7CuFt E1200 Brown,Fabrikam,Brown,66.27,129.99,802,Refrigerators,8,Home Appliances,63.72000000000001
1908,1909,Fabrikam Refrigerator 24.7CuFt X9800 Silver,Fabrikam,Silver,1060.22,3199.99,802,Refrigerators,8,Home Appliances,2139.7699999999995
1909,1910,Fabrikam Refrigerator 19CuFt M7600 Silver,Fabrikam,Silver,413.42,899.0,802,Refrigerators,8,Home Appliances,485.58
1910,1911,Fabrikam Refrigerator 9.7CuFt M5600 Silver,Fabrikam,Silver,226.71,493.0,802,Refrigerators,8,Home Appliances,266.28999999999996
1911,1912,Fabrikam Refrigerator 4.6CuFt E2800 Silver,Fabrikam,Silver,152.94,299.99,802,Refrigerators,8,Home Appliances,147.05
1912,1913,Fabrikam Refrigerator 3.2CuFt E1600 Silver,Fabrikam,Silver,142.75,279.99,802,Refrigerators,8,Home Appliances,137.24
1913,1914,Fabrikam Refrigerator 1.7CuFt E1200 Silver,Fabrikam,Silver,66.27,129.99,802,Refrigerators,8,Home Appliances,63.72000000000001
1914,1915,Fabrikam Refrigerator 24.7CuFt X9800 Green,Fabrikam,Green,1060.22,3199.99,802,Refrigerators,8,Home Appliances,2139.7699999999995
1915,1916,Fabrikam Refrigerator 19CuFt M7600 Green,Fabrikam,Green,413.42,899.0,802,Refrigerators,8,Home Appliances,485.58
1916,1917,Fabrikam Refrigerator 9.7CuFt M5600 Green,Fabrikam,Green,226.71,493.0,802,Refrigerators,8,Home Appliances,266.28999999999996
1917,1918,Fabrikam Refrigerator 4.6CuFt E2800 Green,Fabrikam,Green,152.94,299.99,802,Refrigerators,8,Home Appliances,147.05
1918,1919,Fabrikam Refrigerator 3.2CuFt E1600 Green,Fabrikam,Green,142.75,279.99,802,Refrigerators,8,Home Appliances,137.24
1919,1920,Fabrikam Refrigerator 1.7CuFt E1200 Green,Fabrikam,Green,66.27,129.99,802,Refrigerators,8,Home Appliances,63.72000000000001
1920,1921,Fabrikam Refrigerator 24.7CuFt X9800 Blue,Fabrikam,Blue,1060.22,3199.99,802,Refrigerators,8,Home Appliances,2139.7699999999995
1921,1922,Fabrikam Refrigerator 19CuFt M7600 Blue,Fabrikam,Blue,413.42,899.0,802,Refrigerators,8,Home Appliances,485.58
1922,1923,Fabrikam Refrigerator 9.7CuFt M5600 Blue,Fabrikam,Blue,226.71,493.0,802,Refrigerators,8,Home Appliances,266.28999999999996
1923,1924,Fabrikam Refrigerator 4.6CuFt E2800 Blue,Fabrikam,Blue,152.94,299.99,802,Refrigerators,8,Home Appliances,147.05
1924,1925,Fabrikam Refrigerator 3.2CuFt E1600 Blue,Fabrikam,Blue,142.75,279.99,802,Refrigerators,8,Home Appliances,137.24
1925,1926,Fabrikam Refrigerator 1.7CuFt E1200 Blue,Fabrikam,Blue,66.27,129.99,802,Refrigerators,8,Home Appliances,63.72000000000001
1926,1927,Fabrikam Refrigerator 24.7CuFt X9800 Grey,Fabrikam,Grey,1060.22,3199.99,802,Refrigerators,8,Home Appliances,2139.7699999999995
1927,1928,Fabrikam Refrigerator 19CuFt M7600 Grey,Fabrikam,Grey,413.42,899.0,802,Refrigerators,8,Home Appliances,485.58
1928,1929,Fabrikam Refrigerator 9.7CuFt M5600 Grey,Fabrikam,Grey,226.71,493.0,802,Refrigerators,8,Home Appliances,266.28999999999996
1929,1930,Fabrikam Refrigerator 4.6CuFt E2800 Grey,Fabrikam,Grey,152.94,299.99,802,Refrigerators,8,Home Appliances,147.05
1930,1931,Fabrikam Refrigerator 3.2CuFt E1600 Grey,Fabrikam,Grey,142.75,279.99,802,Refrigerators,8,Home Appliances,137.24
1931,1932,Fabrikam Refrigerator 1.7CuFt E1200 Grey,Fabrikam,Grey,66.27,129.99,802,Refrigerators,8,Home Appliances,63.72000000000001
1932,1933,Fabrikam Refrigerator 24.7CuFt X9800 Orange,Fabrikam,Orange,1060.22,3199.99,802,Refrigerators,8,Home Appliances,2139.7699999999995
1933,1934,Fabrikam Refrigerator 19CuFt M7600 Orange,Fabrikam,Orange,413.42,899.0,802,Refrigerators,8,Home Appliances,485.58
1934,1935,Fabrikam Refrigerator 9.7CuFt M5600 Orange,Fabrikam,Orange,226.71,493.0,802,Refrigerators,8,Home Appliances,266.28999999999996
1935,1936,Fabrikam Refrigerator 4.6CuFt E2800 Orange,Fabrikam,Orange,152.94,299.99,802,Refrigerators,8,Home Appliances,147.05
1936,1937,Fabrikam Refrigerator 3.2CuFt E1600 Orange,Fabrikam,Orange,142.75,279.99,802,Refrigerators,8,Home Appliances,137.24
1937,1938,Fabrikam Refrigerator 1.7CuFt E1200 Orange,Fabrikam,Orange,66.27,129.99,802,Refrigerators,8,Home Appliances,63.72000000000001
1938,1939,Litware Refrigerator 24.7CuFt X980 White,Litware,White,1060.22,3199.99,802,Refrigerators,8,Home Appliances,2139.7699999999995
1939,1940,Litware Refrigerator 19CuFt M760 White,Litware,White,413.42,899.0,802,Refrigerators,8,Home Appliances,485.58
1940,1941,Litware Refrigerator 9.7CuFt M560 White,Litware,White,226.71,493.0,802,Refrigerators,8,Home Appliances,266.28999999999996
1941,1942,Litware Refrigerator 4.6CuFt E280 White,Litware,White,152.94,299.99,802,Refrigerators,8,Home Appliances,147.05
1942,1943,Litware Refrigerator 3.2CuFt E160 White,Litware,White,142.75,279.99,802,Refrigerators,8,Home Appliances,137.24
1943,1944,Litware Refrigerator 1.7CuFt E120 White,Litware,White,66.27,129.99,802,Refrigerators,8,Home Appliances,63.72000000000001
1944,1945,Litware Refrigerator 24.7CuFt X980 Brown,Litware,Brown,1060.22,3199.99,802,Refrigerators,8,Home Appliances,2139.7699999999995
1945,1946,Litware Refrigerator 19CuFt M760 Brown,Litware,Brown,413.42,899.0,802,Refrigerators,8,Home Appliances,485.58
1946,1947,Litware Refrigerator 9.7CuFt M560 Brown,Litware,Brown,226.71,493.0,802,Refrigerators,8,Home Appliances,266.28999999999996
1947,1948,Litware Refrigerator 4.6CuFt E280 Brown,Litware,Brown,152.94,299.99,802,Refrigerators,8,Home Appliances,147.05
1948,1949,Litware Refrigerator 3.2CuFt E160 Brown,Litware,Brown,142.75,279.99,802,Refrigerators,8,Home Appliances,137.24
1949,1950,Litware Refrigerator 1.7CuFt E120 Brown,Litware,Brown,66.27,129.99,802,Refrigerators,8,Home Appliances,63.72000000000001
1950,1951,Litware Refrigerator 24.7CuFt X980 Silver,Litware,Silver,1060.22,3199.99,802,Refrigerators,8,Home Appliances,2139.7699999999995
1951,1952,Litware Refrigerator 19CuFt M760 Silver,Litware,Silver,413.42,899.0,802,Refrigerators,8,Home Appliances,485.58
1952,1953,Litware Refrigerator 9.7CuFt M560 Silver,Litware,Silver,226.71,493.0,802,Refrigerators,8,Home Appliances,266.28999999999996
1953,1954,Litware Refrigerator 4.6CuFt E280 Silver,Litware,Silver,152.94,299.99,802,Refrigerators,8,Home Appliances,147.05
1954,1955,Litware Refrigerator 3.2CuFt E160 Silver,Litware,Silver,142.75,279.99,802,Refrigerators,8,Home Appliances,137.24
1955,1956,Litware Refrigerator 1.7CuFt E120 Silver,Litware,Silver,66.27,129.99,802,Refrigerators,8,Home Appliances,63.72000000000001
1956,1957,Litware Refrigerator 24.7CuFt X980 Green,Litware,Green,1060.22,3199.99,802,Refrigerators,8,Home Appliances,2139.7699999999995
1957,1958,Litware Refrigerator 19CuFt M760 Green,Litware,Green,413.42,899.0,802,Refrigerators,8,Home Appliances,485.58
1958,1959,Litware Refrigerator 9.7CuFt M560 Green,Litware,Green,226.71,493.0,802,Refrigerators,8,Home Appliances,266.28999999999996
1959,1960,Litware Refrigerator 4.6CuFt E280 Green,Litware,Green,152.94,299.99,802,Refrigerators,8,Home Appliances,147.05
1960,1961,Litware Refrigerator 3.2CuFt E160 Green,Litware,Green,142.75,279.99,802,Refrigerators,8,Home Appliances,137.24
1961,1962,Litware Refrigerator 1.7CuFt E120 Green,Litware,Green,66.27,129.99,802,Refrigerators,8,Home Appliances,63.72000000000001
1962,1963,Litware Refrigerator 24.7CuFt X980 Blue,Litware,Blue,1060.22,3199.99,802,Refrigerators,8,Home Appliances,2139.7699999999995
1963,1964,Litware Refrigerator 19CuFt M760 Blue,Litware,Blue,413.42,899.0,802,Refrigerators,8,Home Appliances,485.58
1964,1965,Litware Refrigerator 9.7CuFt M560 Blue,Litware,Blue,226.71,493.0,802,Refrigerators,8,Home Appliances,266.28999999999996
1965,1966,Litware Refrigerator 4.6CuFt E280 Blue,Litware,Blue,152.94,299.99,802,Refrigerators,8,Home Appliances,147.05
1966,1967,Litware Refrigerator 3.2CuFt E160 Blue,Litware,Blue,142.75,279.99,802,Refrigerators,8,Home Appliances,137.24
1967,1968,Litware Refrigerator 1.7CuFt E120 Blue,Litware,Blue,66.27,129.99,802,Refrigerators,8,Home Appliances,63.72000000000001
1968,1969,Litware Refrigerator 24.7CuFt X980 Grey,Litware,Grey,1060.22,3199.99,802,Refrigerators,8,Home Appliances,2139.7699999999995
1969,1970,Litware Refrigerator 19CuFt M760 Grey,Litware,Grey,413.42,899.0,802,Refrigerators,8,Home Appliances,485.58
1970,1971,Litware Refrigerator 9.7CuFt M560 Grey,Litware,Grey,226.71,493.0,802,Refrigerators,8,Home Appliances,266.28999999999996
1971,1972,Litware Refrigerator 4.6CuFt E280 Grey,Litware,Grey,152.94,299.99,802,Refrigerators,8,Home Appliances,147.05
1972,1973,Litware Refrigerator 3.2CuFt E160 Grey,Litware,Grey,142.75,279.99,802,Refrigerators,8,Home Appliances,137.24
1973,1974,Litware Refrigerator 1.7CuFt E120 Grey,Litware,Grey,66.27,129.99,802,Refrigerators,8,Home Appliances,63.72000000000001
1974,1975,Litware Refrigerator L1200 Orange,Litware,Orange,1060.22,3199.99,802,Refrigerators,8,Home Appliances,2139.7699999999995
1975,1976,Litware Refrigerator 19CuFt M760 Orange,Litware,Orange,413.42,899.0,802,Refrigerators,8,Home Appliances,485.58
1976,1977,Litware Refrigerator 9.7CuFt M560 Orange,Litware,Orange,226.71,493.0,802,Refrigerators,8,Home Appliances,266.28999999999996
1977,1978,Litware Refrigerator 4.6CuFt E280 Orange,Litware,Orange,152.94,299.99,802,Refrigerators,8,Home Appliances,147.05
1978,1979,Litware Refrigerator 3.2CuFt E160 Orange,Litware,Orange,142.75,279.99,802,Refrigerators,8,Home Appliances,137.24
1979,1980,Litware Refrigerator 1.7CuFt E120 Orange,Litware,Orange,66.27,129.99,802,Refrigerators,8,Home Appliances,63.72000000000001
1980,1981,Litware Refrigerator 19CuFt M760 Red,Litware,Red,413.42,899.0,802,Refrigerators,8,Home Appliances,485.58
1981,1982,Litware Refrigerator 9.7CuFt M560 Red,Litware,Red,226.71,493.0,802,Refrigerators,8,Home Appliances,266.28999999999996
1982,1983,Fabrikam Microwave 1.5CuFt X1100 White,Fabrikam,White,220.64,665.94,803,Microwaves,8,Home Appliances,445.30000000000007
1983,1984,Fabrikam Microwave 2.2CuFt M1250 White,Fabrikam,White,91.97,199.99,803,Microwaves,8,Home Appliances,108.02000000000001
1984,1985,Fabrikam Microwave 1.6CuFt M1250 White,Fabrikam,White,82.77,179.99,803,Microwaves,8,Home Appliances,97.22000000000001
1985,1986,Fabrikam Microwave 1.0CuFt E1100 White,Fabrikam,White,71.37,139.99,803,Microwaves,8,Home Appliances,68.62
1986,1987,Fabrikam Microwave 0.9CuFt E0900 White,Fabrikam,White,50.98,99.99,803,Microwaves,8,Home Appliances,49.01
1987,1988,Fabrikam Microwave 0.8CuFt E0800 White,Fabrikam,White,48.43,94.99,803,Microwaves,8,Home Appliances,46.559999999999995
1988,1989,Fabrikam Microwave 1.5CuFt X1100 Silver,Fabrikam,Silver,220.64,665.94,803,Microwaves,8,Home Appliances,445.30000000000007
1989,1990,Fabrikam Microwave 2.2CuFt M1250 Silver,Fabrikam,Silver,91.97,199.99,803,Microwaves,8,Home Appliances,108.02000000000001
1990,1991,Fabrikam Microwave 1.6CuFt M1250 Silver,Fabrikam,Silver,82.77,179.99,803,Microwaves,8,Home Appliances,97.22000000000001
1991,1992,Fabrikam Microwave 1.0CuFt E1100 Silver,Fabrikam,Silver,71.37,139.99,803,Microwaves,8,Home Appliances,68.62
1992,1993,Fabrikam Microwave 0.9CuFt E0900 Silver,Fabrikam,Silver,50.98,99.99,803,Microwaves,8,Home Appliances,49.01
1993,1994,Fabrikam Microwave 0.8CuFt E0800 Silver,Fabrikam,Silver,48.43,94.99,803,Microwaves,8,Home Appliances,46.559999999999995
1994,1995,Fabrikam Microwave 1.5CuFt X1100 Grey,Fabrikam,Grey,220.64,665.94,803,Microwaves,8,Home Appliances,445.30000000000007
1995,1996,Fabrikam Microwave 2.2CuFt M1250 Grey,Fabrikam,Grey,91.97,199.99,803,Microwaves,8,Home Appliances,108.02000000000001
1996,1997,Fabrikam Microwave 1.6CuFt M1250 Grey,Fabrikam,Grey,82.77,179.99,803,Microwaves,8,Home Appliances,97.22000000000001
1997,1998,Fabrikam Microwave 1.0CuFt E1100 Grey,Fabrikam,Grey,71.37,139.99,803,Microwaves,8,Home Appliances,68.62
1998,1999,Fabrikam Microwave 0.9CuFt E0900 Grey,Fabrikam,Grey,50.98,99.99,803,Microwaves,8,Home Appliances,49.01
1999,2000,Fabrikam Microwave 0.8CuFt E0800 Grey,Fabrikam,Grey,48.43,94.99,803,Microwaves,8,Home Appliances,46.559999999999995
2000,2001,Fabrikam Microwave 1.5CuFt X1100 Red,Fabrikam,Red,220.64,665.94,803,Microwaves,8,Home Appliances,445.30000000000007
2001,2002,Fabrikam Microwave 2.2CuFt M1250 Red,Fabrikam,Red,91.97,199.99,803,Microwaves,8,Home Appliances,108.02000000000001
2002,2003,Fabrikam Microwave 1.6CuFt M1250 Red,Fabrikam,Red,82.77,179.99,803,Microwaves,8,Home Appliances,97.22000000000001
2003,2004,Fabrikam Microwave 1.0CuFt E1100 Red,Fabrikam,Red,71.37,139.99,803,Microwaves,8,Home Appliances,68.62
2004,2005,Fabrikam Microwave 0.9CuFt E0900 Red,Fabrikam,Red,50.98,99.99,803,Microwaves,8,Home Appliances,49.01
2005,2006,Fabrikam Microwave 0.8CuFt E0800 Red,Fabrikam,Red,48.43,94.99,803,Microwaves,8,Home Appliances,46.559999999999995
2006,2007,Fabrikam Microwave 1.5CuFt X1100 Black,Fabrikam,Black,220.64,665.94,803,Microwaves,8,Home Appliances,445.30000000000007
2007,2008,Fabrikam Microwave 2.2CuFt M1250 Black,Fabrikam,Black,91.97,199.99,803,Microwaves,8,Home Appliances,108.02000000000001
2008,2009,Fabrikam Microwave 1.6CuFt M1250 Black,Fabrikam,Black,82.77,179.99,803,Microwaves,8,Home Appliances,97.22000000000001
2009,2010,Fabrikam Microwave 1.0CuFt E1100 Black,Fabrikam,Black,71.37,139.99,803,Microwaves,8,Home Appliances,68.62
2010,2011,Fabrikam Microwave 0.9CuFt E0900 Black,Fabrikam,Black,50.98,99.99,803,Microwaves,8,Home Appliances,49.01
2011,2012,Fabrikam Microwave 0.8CuFt E0800 Black,Fabrikam,Black,48.43,94.99,803,Microwaves,8,Home Appliances,46.559999999999995
2012,2013,Fabrikam Microwave 1.5CuFt X1100 Blue,Fabrikam,Blue,220.64,665.94,803,Microwaves,8,Home Appliances,445.30000000000007
2013,2014,Fabrikam Microwave 2.2CuFt M1250 Blue,Fabrikam,Blue,91.97,199.99,803,Microwaves,8,Home Appliances,108.02000000000001
2014,2015,Fabrikam Microwave 1.6CuFt M1250 Blue,Fabrikam,Blue,82.77,179.99,803,Microwaves,8,Home Appliances,97.22000000000001
2015,2016,Fabrikam Microwave 1.0CuFt E1100 Blue,Fabrikam,Blue,71.37,139.99,803,Microwaves,8,Home Appliances,68.62
2016,2017,Fabrikam Microwave 0.9CuFt E0900 Blue,Fabrikam,Blue,50.98,99.99,803,Microwaves,8,Home Appliances,49.01
2017,2018,Fabrikam Microwave 0.8CuFt E0800 Blue,Fabrikam,Blue,48.43,94.99,803,Microwaves,8,Home Appliances,46.559999999999995
2018,2019,Litware Microwave 1.5CuFt X110 White,Litware,White,220.64,665.94,803,Microwaves,8,Home Appliances,445.30000000000007
2019,2020,Litware Microwave 2.2CuFt M125 White,Litware,White,91.97,199.99,803,Microwaves,8,Home Appliances,108.02000000000001
2020,2021,Litware Microwave 1.6CuFt M125 White,Litware,White,82.77,179.99,803,Microwaves,8,Home Appliances,97.22000000000001
2021,2022,Litware Microwave 1.0CuFt E110 White,Litware,White,71.37,139.99,803,Microwaves,8,Home Appliances,68.62
2022,2023,Litware Microwave 0.9CuFt E090 White,Litware,White,50.98,99.99,803,Microwaves,8,Home Appliances,49.01
2023,2024,Litware Microwave 0.8CuFt E080 White,Litware,White,48.43,94.99,803,Microwaves,8,Home Appliances,46.559999999999995
2024,2025,Litware Microwave 1.5CuFt X110 Silver,Litware,Silver,220.64,665.94,803,Microwaves,8,Home Appliances,445.30000000000007
2025,2026,Litware Microwave 2.2CuFt M125 Silver,Litware,Silver,91.97,199.99,803,Microwaves,8,Home Appliances,108.02000000000001
2026,2027,Litware Microwave 1.6CuFt M125 Silver,Litware,Silver,82.77,179.99,803,Microwaves,8,Home Appliances,97.22000000000001
2027,2028,Litware Microwave 1.0CuFt E110 Silver,Litware,Silver,71.37,139.99,803,Microwaves,8,Home Appliances,68.62
2028,2029,Litware Microwave 0.9CuFt E090 Silver,Litware,Silver,50.98,99.99,803,Microwaves,8,Home Appliances,49.01
2029,2030,Litware Microwave 0.8CuFt E080 Silver,Litware,Silver,48.43,94.99,803,Microwaves,8,Home Appliances,46.559999999999995
2030,2031,Litware Microwave 1.5CuFt X110 Grey,Litware,Grey,220.64,665.94,803,Microwaves,8,Home Appliances,445.30000000000007
2031,2032,Litware Microwave 2.2CuFt M125 Grey,Litware,Grey,91.97,199.99,803,Microwaves,8,Home Appliances,108.02000000000001
2032,2033,Litware Microwave 1.6CuFt M125 Grey,Litware,Grey,82.77,179.99,803,Microwaves,8,Home Appliances,97.22000000000001
2033,2034,Litware Microwave 1.0CuFt E110 Grey,Litware,Grey,71.37,139.99,803,Microwaves,8,Home Appliances,68.62
2034,2035,Litware Microwave 0.9CuFt E090 Grey,Litware,Grey,50.98,99.99,803,Microwaves,8,Home Appliances,49.01
2035,2036,Litware Microwave 0.8CuFt E080 Grey,Litware,Grey,48.43,94.99,803,Microwaves,8,Home Appliances,46.559999999999995
2036,2037,Litware Microwave 1.5CuFt X110 Red,Litware,Red,220.64,665.94,803,Microwaves,8,Home Appliances,445.30000000000007
2037,2038,Litware Microwave 2.2CuFt M125 Red,Litware,Red,91.97,199.99,803,Microwaves,8,Home Appliances,108.02000000000001
2038,2039,Litware Microwave 1.6CuFt M125 Red,Litware,Red,82.77,179.99,803,Microwaves,8,Home Appliances,97.22000000000001
2039,2040,Litware Microwave 1.0CuFt E110 Red,Litware,Red,71.37,139.99,803,Microwaves,8,Home Appliances,68.62
2040,2041,Litware Microwave 0.9CuFt E090 Red,Litware,Red,50.98,99.99,803,Microwaves,8,Home Appliances,49.01
2041,2042,Litware Microwave 0.8CuFt E080 Red,Litware,Red,48.43,94.99,803,Microwaves,8,Home Appliances,46.559999999999995
2042,2043,Litware Microwave 1.5CuFt X110 Black,Litware,Black,220.64,665.94,803,Microwaves,8,Home Appliances,445.30000000000007
2043,2044,Litware Microwave 2.2CuFt M125 Black,Litware,Black,91.97,199.99,803,Microwaves,8,Home Appliances,108.02000000000001
2044,2045,Litware Microwave 1.6CuFt M125 Black,Litware,Black,82.77,179.99,803,Microwaves,8,Home Appliances,97.22000000000001
2045,2046,Litware Microwave 1.0CuFt E110 Black,Litware,Black,71.37,139.99,803,Microwaves,8,Home Appliances,68.62
2046,2047,Litware Microwave 0.9CuFt E090 Black,Litware,Black,50.98,99.99,803,Microwaves,8,Home Appliances,49.01
2047,2048,Litware Microwave 0.8CuFt E080 Black,Litware,Black,48.43,94.99,803,Microwaves,8,Home Appliances,46.559999999999995
2048,2049,Litware Microwave 1.5CuFt X110 Blue,Litware,Blue,220.64,665.94,803,Microwaves,8,Home Appliances,445.30000000000007
2049,2050,Litware Microwave 2.2CuFt M125 Blue,Litware,Blue,91.97,199.99,803,Microwaves,8,Home Appliances,108.02000000000001
2050,2051,Litware Microwave 1.6CuFt M125 Blue,Litware,Blue,82.77,179.99,803,Microwaves,8,Home Appliances,97.22000000000001
2051,2052,Litware Microwave 1.0CuFt E110 Blue,Litware,Blue,71.37,139.99,803,Microwaves,8,Home Appliances,68.62
2052,2053,Litware Microwave 0.9CuFt E090 Blue,Litware,Blue,50.98,99.99,803,Microwaves,8,Home Appliances,49.01
2053,2054,Litware Microwave 0.8CuFt E080 Blue,Litware,Blue,48.43,94.99,803,Microwaves,8,Home Appliances,46.559999999999995
2054,2055,Contoso Microwave 1.5CuFt X0110 White,Contoso,White,220.64,665.94,803,Microwaves,8,Home Appliances,445.30000000000007
2055,2056,Contoso Microwave 2.2CuFt M0125 White,Contoso,White,91.97,199.99,803,Microwaves,8,Home Appliances,108.02000000000001
2056,2057,Contoso Microwave 1.6CuFt M0125 White,Contoso,White,82.77,179.99,803,Microwaves,8,Home Appliances,97.22000000000001
2057,2058,Contoso Microwave 1.0CuFt E0110 White,Contoso,White,71.37,139.99,803,Microwaves,8,Home Appliances,68.62
2058,2059,Contoso Microwave 0.9CuFt E0090 White,Contoso,White,50.98,99.99,803,Microwaves,8,Home Appliances,49.01
2059,2060,Contoso Microwave 0.8CuFt E0080 White,Contoso,White,48.43,94.99,803,Microwaves,8,Home Appliances,46.559999999999995
2060,2061,Contoso Microwave 1.5CuFt X0110 Silver,Contoso,Silver,220.64,665.94,803,Microwaves,8,Home Appliances,445.30000000000007
2061,2062,Contoso Microwave 2.2CuFt M0125 Silver,Contoso,Silver,91.97,199.99,803,Microwaves,8,Home Appliances,108.02000000000001
2062,2063,Contoso Microwave 1.6CuFt M0125 Silver,Contoso,Silver,82.77,179.99,803,Microwaves,8,Home Appliances,97.22000000000001
2063,2064,Contoso Microwave 1.0CuFt E0110 Silver,Contoso,Silver,71.37,139.99,803,Microwaves,8,Home Appliances,68.62
2064,2065,Contoso Microwave 0.9CuFt E0090 Silver,Contoso,Silver,50.98,99.99,803,Microwaves,8,Home Appliances,49.01
2065,2066,Contoso Microwave 0.8CuFt E0080 Silver,Contoso,Silver,48.43,94.99,803,Microwaves,8,Home Appliances,46.559999999999995
2066,2067,Contoso Microwave 1.5CuFt X0110 Grey,Contoso,Grey,220.64,665.94,803,Microwaves,8,Home Appliances,445.30000000000007
2067,2068,Contoso Microwave 2.2CuFt M0125 Grey,Contoso,Grey,91.97,199.99,803,Microwaves,8,Home Appliances,108.02000000000001
2068,2069,Contoso Microwave 2.2CuFt M0126 Grey,Contoso,Grey,82.77,179.99,803,Microwaves,8,Home Appliances,97.22000000000001
2069,2070,Contoso Microwave 1.0CuFt E0110 Grey,Contoso,Grey,71.37,139.99,803,Microwaves,8,Home Appliances,68.62
2070,2071,Contoso Microwave 0.9CuFt E0090 Grey,Contoso,Grey,50.98,99.99,803,Microwaves,8,Home Appliances,49.01
2071,2072,Contoso Microwave 0.8CuFt E0080 Grey,Contoso,Grey,48.43,94.99,803,Microwaves,8,Home Appliances,46.559999999999995
2072,2073,Contoso Microwave 1.5CuFt X0110 Red,Contoso,Red,220.64,665.94,803,Microwaves,8,Home Appliances,445.30000000000007
2073,2074,Contoso Microwave 2.2CuFt M0125 Red,Contoso,Red,91.97,199.99,803,Microwaves,8,Home Appliances,108.02000000000001
2074,2075,Contoso Microwave 1.6CuFt M0125 Red,Contoso,Red,82.77,179.99,803,Microwaves,8,Home Appliances,97.22000000000001
2075,2076,Contoso Microwave 1.0CuFt E0110 Red,Contoso,Red,71.37,139.99,803,Microwaves,8,Home Appliances,68.62
2076,2077,Contoso Microwave 0.9CuFt E0090 Red,Contoso,Red,50.98,99.99,803,Microwaves,8,Home Appliances,49.01
2077,2078,Contoso Microwave 0.8CuFt E0080 Red,Contoso,Red,48.43,94.99,803,Microwaves,8,Home Appliances,46.559999999999995
2078,2079,Contoso Microwave 1.5CuFt X0110 Black,Contoso,Black,220.64,665.94,803,Microwaves,8,Home Appliances,445.30000000000007
2079,2080,Contoso Microwave 2.2CuFt M0125 Black,Contoso,Black,91.97,199.99,803,Microwaves,8,Home Appliances,108.02000000000001
2080,2081,Contoso Microwave 1.6CuFt M0125 Black,Contoso,Black,82.77,179.99,803,Microwaves,8,Home Appliances,97.22000000000001
2081,2082,Contoso Microwave 1.0CuFt E0110 Black,Contoso,Black,71.37,139.99,803,Microwaves,8,Home Appliances,68.62
2082,2083,Contoso Microwave 0.9CuFt E0090 Black,Contoso,Black,50.98,99.99,803,Microwaves,8,Home Appliances,49.01
2083,2084,Contoso Microwave 0.8CuFt E0080 Black,Contoso,Black,48.43,94.99,803,Microwaves,8,Home Appliances,46.559999999999995
2084,2085,Contoso Water Heater 7.2GPM X1800 White,Contoso,White,488.7,1475.0,804,Water Heaters,8,Home Appliances,986.3
2085,2086,Contoso Water Heater 4.3GPM M1250 White,Contoso,White,403.53,877.5,804,Water Heaters,8,Home Appliances,473.97
2086,2087,Contoso Water Heater 4.0GPM M1250 White,Contoso,White,363.75,791.0,804,Water Heaters,8,Home Appliances,427.25
2087,2088,Contoso Water Heater 2.6GPM E0900 White,Contoso,White,258.99,508.0,804,Water Heaters,8,Home Appliances,249.01
2088,2089,Contoso Water Heater 1.5GPM E0800 White,Contoso,White,131.28,257.5,804,Water Heaters,8,Home Appliances,126.22
2089,2090,Contoso Water Heater 7.2GPM X1800 Blue,Contoso,Blue,488.7,1475.0,804,Water Heaters,8,Home Appliances,986.3
2090,2091,Contoso Water Heater 4.3GPM M1250 Blue,Contoso,Blue,403.53,877.5,804,Water Heaters,8,Home Appliances,473.97
2091,2092,Contoso Water Heater 4.0GPM M1250 Blue,Contoso,Blue,363.75,791.0,804,Water Heaters,8,Home Appliances,427.25
2092,2093,Contoso Water Heater 2.6GPM E0900 Blue,Contoso,Blue,258.99,508.0,804,Water Heaters,8,Home Appliances,249.01
2093,2094,Contoso Water Heater 1.5GPM E0800 Blue,Contoso,Blue,131.28,257.5,804,Water Heaters,8,Home Appliances,126.22
2094,2095,Contoso Water Heater 7.2GPM X1800 Green,Contoso,Green,488.7,1475.0,804,Water Heaters,8,Home Appliances,986.3
2095,2096,Contoso Water Heater 4.3GPM M1250 Green,Contoso,Green,403.53,877.5,804,Water Heaters,8,Home Appliances,473.97
2096,2097,Contoso Water Heater 4.0GPM M1250 Green,Contoso,Green,363.75,791.0,804,Water Heaters,8,Home Appliances,427.25
2097,2098,Contoso Water Heater 2.6GPM E0900 Green,Contoso,Green,258.99,508.0,804,Water Heaters,8,Home Appliances,249.01
2098,2099,Contoso Water Heater 1.5GPM E0800 Green,Contoso,Green,131.28,257.5,804,Water Heaters,8,Home Appliances,126.22
2099,2100,Contoso Water Heater 7.2GPM X1800 Silver,Contoso,Silver,488.7,1475.0,804,Water Heaters,8,Home Appliances,986.3
2100,2101,Contoso Water Heater 4.3GPM M1250 Silver,Contoso,Silver,403.53,877.5,804,Water Heaters,8,Home Appliances,473.97
2101,2102,Contoso Water Heater 4.0GPM M1250 Silver,Contoso,Silver,363.75,791.0,804,Water Heaters,8,Home Appliances,427.25
2102,2103,Contoso Water Heater 2.6GPM E0900 Silver,Contoso,Silver,258.99,508.0,804,Water Heaters,8,Home Appliances,249.01
2103,2104,Contoso Water Heater 1.5GPM E0800 Silver,Contoso,Silver,131.28,257.5,804,Water Heaters,8,Home Appliances,126.22
2104,2105,Contoso Water Heater 7.2GPM X1800 Grey,Contoso,Grey,488.7,1475.0,804,Water Heaters,8,Home Appliances,986.3
2105,2106,Contoso Water Heater 4.3GPM M1250 Grey,Contoso,Grey,403.53,877.5,804,Water Heaters,8,Home Appliances,473.97
2106,2107,Contoso Water Heater 4.0GPM M1250 Grey,Contoso,Grey,363.75,791.0,804,Water Heaters,8,Home Appliances,427.25
2107,2108,Contoso Water Heater 2.6GPM E0900 Grey,Contoso,Grey,258.99,508.0,804,Water Heaters,8,Home Appliances,249.01
2108,2109,Contoso Water Heater 1.5GPM E0800 Grey,Contoso,Grey,131.28,257.5,804,Water Heaters,8,Home Appliances,126.22
2109,2110,Contoso Water Heater 7.2GPM X1800 Red,Contoso,Red,488.7,1475.0,804,Water Heaters,8,Home Appliances,986.3
2110,2111,Contoso Water Heater 4.3GPM M1250 Red,Contoso,Red,403.53,877.5,804,Water Heaters,8,Home Appliances,473.97
2111,2112,Contoso Water Heater 4.0GPM M1250 Red,Contoso,Red,363.75,791.0,804,Water Heaters,8,Home Appliances,427.25
2112,2113,Contoso Water Heater 2.6GPM E0900 Red,Contoso,Red,258.99,508.0,804,Water Heaters,8,Home Appliances,249.01
2113,2114,Contoso Water Heater 1.5GPM E0800 Red,Contoso,Red,131.28,257.5,804,Water Heaters,8,Home Appliances,126.22
2114,2115,Contoso Water Heater 4.3GPM M1250 Yellow,Contoso,Yellow,403.53,877.5,804,Water Heaters,8,Home Appliances,473.97
2115,2116,Contoso Coffee Maker Super-Auto 12C X1250 Black,Contoso,Black,546.68,1650.0,805,Coffee Machines,8,Home Appliances,1103.3200000000002
2116,2117,Contoso Coffee Maker Auto 10C M1000 Black,Contoso,Black,343.05,745.99,805,Coffee Machines,8,Home Appliances,402.94
2117,2118,Contoso Coffee Maker 12C M1000 Black,Contoso,Black,204.64,445.0,805,Coffee Machines,8,Home Appliances,240.36
2118,2119,Contoso Coffee Maker Auto 5C E0900 Black,Contoso,Black,83.1,163.0,805,Coffee Machines,8,Home Appliances,79.9
2119,2120,Contoso Coffee Maker 5C E0900 Black,Contoso,Black,75.96,149.0,805,Coffee Machines,8,Home Appliances,73.04
2120,2121,Contoso Coffee Maker 4C E0800 Black,Contoso,Black,66.23,129.9,805,Coffee Machines,8,Home Appliances,63.67
2121,2122,Contoso Coffee Maker Super-Auto 12C X1250 Silver,Contoso,Silver,546.68,1650.0,805,Coffee Machines,8,Home Appliances,1103.3200000000002
2122,2123,Contoso Coffee Maker Auto 10C M1000 Silver,Contoso,Silver,343.05,745.99,805,Coffee Machines,8,Home Appliances,402.94
2123,2124,Contoso Coffee Maker 12C M1000 Silver,Contoso,Silver,204.64,445.0,805,Coffee Machines,8,Home Appliances,240.36
2124,2125,Contoso Coffee Maker Auto 5C E0900 Silver,Contoso,Silver,83.1,163.0,805,Coffee Machines,8,Home Appliances,79.9
2125,2126,Contoso Coffee Maker 5C E0900 Silver,Contoso,Silver,75.96,149.0,805,Coffee Machines,8,Home Appliances,73.04
2126,2127,Contoso Coffee Maker 4C E0800 Silver,Contoso,Silver,66.23,129.9,805,Coffee Machines,8,Home Appliances,63.67
2127,2128,Contoso Coffee Maker Super-Auto 12C X1250 White,Contoso,White,546.68,1650.0,805,Coffee Machines,8,Home Appliances,1103.3200000000002
2128,2129,Contoso Coffee Maker Auto 10C M1000 White,Contoso,White,343.05,745.99,805,Coffee Machines,8,Home Appliances,402.94
2129,2130,Contoso Coffee Maker 12C M1000 White,Contoso,White,204.64,445.0,805,Coffee Machines,8,Home Appliances,240.36
2130,2131,Contoso Coffee Maker Auto 5C E0900 White,Contoso,White,83.1,163.0,805,Coffee Machines,8,Home Appliances,79.9
2131,2132,Contoso Coffee Maker 5C E0900 White,Contoso,White,75.96,149.0,805,Coffee Machines,8,Home Appliances,73.04
2132,2133,Contoso Coffee Maker 4C E0800 White,Contoso,White,66.23,129.9,805,Coffee Machines,8,Home Appliances,63.67
2133,2134,Contoso Coffee Maker Super-Auto 12C X1250 Grey,Contoso,Grey,546.68,1650.0,805,Coffee Machines,8,Home Appliances,1103.3200000000002
2134,2135,Contoso Coffee Maker Auto 10C M1000 Grey,Contoso,Grey,343.05,745.99,805,Coffee Machines,8,Home Appliances,402.94
2135,2136,Contoso Coffee Maker 12C M1000 Grey,Contoso,Grey,204.64,445.0,805,Coffee Machines,8,Home Appliances,240.36
2136,2137,Contoso Coffee Maker Auto 5C E0900 Grey,Contoso,Grey,83.1,163.0,805,Coffee Machines,8,Home Appliances,79.9
2137,2138,Contoso Coffee Maker 5C E0900 Grey,Contoso,Grey,75.96,149.0,805,Coffee Machines,8,Home Appliances,73.04
2138,2139,Contoso Coffee Maker 4C E0800 Grey,Contoso,Grey,66.23,129.9,805,Coffee Machines,8,Home Appliances,63.67
2139,2140,Adventure Works Coffee Maker Super-Auto 12C X125 Black,Adventure Works,Black,546.68,1650.0,805,Coffee Machines,8,Home Appliances,1103.3200000000002
2140,2141,Adventure Works Coffee Maker Auto 10C M100 Black,Adventure Works,Black,343.05,745.99,805,Coffee Machines,8,Home Appliances,402.94
2141,2142,Adventure Works Coffee Maker 12C M100 Black,Adventure Works,Black,204.64,445.0,805,Coffee Machines,8,Home Appliances,240.36
2142,2143,Adventure Works Coffee Maker Auto 5C E090 Black,Adventure Works,Black,83.1,163.0,805,Coffee Machines,8,Home Appliances,79.9
2143,2144,Adventure Works Coffee Maker 5C E090 Black,Adventure Works,Black,75.96,149.0,805,Coffee Machines,8,Home Appliances,73.04
2144,2145,Adventure Works Coffee Maker 4C E080 Black,Adventure Works,Black,66.23,129.9,805,Coffee Machines,8,Home Appliances,63.67
2145,2146,Adventure Works Coffee Maker Super-Auto 12C X125 Silver,Adventure Works,Silver,546.68,1650.0,805,Coffee Machines,8,Home Appliances,1103.3200000000002
2146,2147,Adventure Works Coffee Maker Auto 10C M100 Silver,Adventure Works,Silver,343.05,745.99,805,Coffee Machines,8,Home Appliances,402.94
2147,2148,Adventure Works Coffee Maker 12C M100 Silver,Adventure Works,Silver,204.64,445.0,805,Coffee Machines,8,Home Appliances,240.36
2148,2149,Adventure Works Coffee Maker Auto 5C E090 Silver,Adventure Works,Silver,83.1,163.0,805,Coffee Machines,8,Home Appliances,79.9
2149,2150,Adventure Works Coffee Maker 5C E090 Silver,Adventure Works,Silver,75.96,149.0,805,Coffee Machines,8,Home Appliances,73.04
2150,2151,Adventure Works Coffee Maker 4C E080 Silver,Adventure Works,Silver,66.23,129.9,805,Coffee Machines,8,Home Appliances,63.67
2151,2152,Adventure Works Coffee Maker Super-Auto 12C X125 White,Adventure Works,White,546.68,1650.0,805,Coffee Machines,8,Home Appliances,1103.3200000000002
2152,2153,Adventure Works Coffee Maker Auto 10C M100 White,Adventure Works,White,343.05,745.99,805,Coffee Machines,8,Home Appliances,402.94
2153,2154,Adventure Works Coffee Maker 12C M100 White,Adventure Works,White,204.64,445.0,805,Coffee Machines,8,Home Appliances,240.36
2154,2155,Adventure Works Coffee Maker Auto 5C E090 White,Adventure Works,White,83.1,163.0,805,Coffee Machines,8,Home Appliances,79.9
2155,2156,Adventure Works Coffee Maker 5C E090 White,Adventure Works,White,75.96,149.0,805,Coffee Machines,8,Home Appliances,73.04
2156,2157,Adventure Works Coffee Maker 4C E080 White,Adventure Works,White,66.23,129.9,805,Coffee Machines,8,Home Appliances,63.67
2157,2158,Adventure Works Coffee Maker Super-Auto 12C X125 Grey,Adventure Works,Grey,546.68,1650.0,805,Coffee Machines,8,Home Appliances,1103.3200000000002
2158,2159,Adventure Works Coffee Maker Auto 10C M100 Grey,Adventure Works,Grey,343.05,745.99,805,Coffee Machines,8,Home Appliances,402.94
2159,2160,Adventure Works Coffee Maker 12C M100 Grey,Adventure Works,Grey,204.64,445.0,805,Coffee Machines,8,Home Appliances,240.36
2160,2161,Adventure Works Coffee Maker Auto 5C E090 Grey,Adventure Works,Grey,83.1,163.0,805,Coffee Machines,8,Home Appliances,79.9
2161,2162,Adventure Works Coffee Maker 5C E090 Grey,Adventure Works,Grey,75.96,149.0,805,Coffee Machines,8,Home Appliances,73.04
2162,2163,Adventure Works Coffee Maker 4C E080 Grey,Adventure Works,Grey,66.23,129.9,805,Coffee Machines,8,Home Appliances,63.67
2163,2164,Fabrikam Coffee Maker Super-Auto 12C X125 Black,Fabrikam,Black,546.68,1650.0,805,Coffee Machines,8,Home Appliances,1103.3200000000002
2164,2165,Fabrikam Coffee Maker Auto 10C M100 Black,Fabrikam,Black,343.05,745.99,805,Coffee Machines,8,Home Appliances,402.94
2165,2166,Fabrikam Coffee Maker 12C M100 Black,Fabrikam,Black,204.64,445.0,805,Coffee Machines,8,Home Appliances,240.36
2166,2167,Fabrikam Coffee Maker Auto 5C E090 Black,Fabrikam,Black,83.1,163.0,805,Coffee Machines,8,Home Appliances,79.9
2167,2168,Fabrikam Coffee Maker 5C E090 Black,Fabrikam,Black,75.96,149.0,805,Coffee Machines,8,Home Appliances,73.04
2168,2169,Fabrikam Coffee Maker 4C E080 Black,Fabrikam,Black,66.23,129.9,805,Coffee Machines,8,Home Appliances,63.67
2169,2170,Fabrikam Coffee Maker Super-Auto 12C X125 Silver,Fabrikam,Silver,546.68,1650.0,805,Coffee Machines,8,Home Appliances,1103.3200000000002
2170,2171,Fabrikam Coffee Maker Auto 10C M100 Silver,Fabrikam,Silver,343.05,745.99,805,Coffee Machines,8,Home Appliances,402.94
2171,2172,Fabrikam Coffee Maker 12C M100 Silver,Fabrikam,Silver,204.64,445.0,805,Coffee Machines,8,Home Appliances,240.36
2172,2173,Fabrikam Coffee Maker Auto 5C E090 Silver,Fabrikam,Silver,83.1,163.0,805,Coffee Machines,8,Home Appliances,79.9
2173,2174,Fabrikam Coffee Maker 5C E090 Silver,Fabrikam,Silver,75.96,149.0,805,Coffee Machines,8,Home Appliances,73.04
2174,2175,Fabrikam Coffee Maker 4C E080 Silver,Fabrikam,Silver,66.23,129.9,805,Coffee Machines,8,Home Appliances,63.67
2175,2176,Fabrikam Coffee Maker Super-Auto 12C X125 White,Fabrikam,White,546.68,1650.0,805,Coffee Machines,8,Home Appliances,1103.3200000000002
2176,2177,Fabrikam Coffee Maker Auto 10C M100 White,Fabrikam,White,343.05,745.99,805,Coffee Machines,8,Home Appliances,402.94
2177,2178,Fabrikam Coffee Maker 12C M100 White,Fabrikam,White,204.64,445.0,805,Coffee Machines,8,Home Appliances,240.36
2178,2179,Fabrikam Coffee Maker Auto 5C E090 White,Fabrikam,White,83.1,163.0,805,Coffee Machines,8,Home Appliances,79.9
2179,2180,Fabrikam Coffee Maker 5C E090 White,Fabrikam,White,75.96,149.0,805,Coffee Machines,8,Home Appliances,73.04
2180,2181,Fabrikam Coffee Maker 4C E080 White,Fabrikam,White,66.23,129.9,805,Coffee Machines,8,Home Appliances,63.67
2181,2182,Fabrikam Coffee Maker Super-Auto 12C X125 Grey,Fabrikam,Grey,546.68,1650.0,805,Coffee Machines,8,Home Appliances,1103.3200000000002
2182,2183,Fabrikam Coffee Maker Auto 10C M100 Grey,Fabrikam,Grey,343.05,745.99,805,Coffee Machines,8,Home Appliances,402.94
2183,2184,Fabrikam Coffee Maker 12C M100 Grey,Fabrikam,Grey,204.64,445.0,805,Coffee Machines,8,Home Appliances,240.36
2184,2185,Fabrikam Coffee Maker Auto 5C E090 Grey,Fabrikam,Grey,83.1,163.0,805,Coffee Machines,8,Home Appliances,79.9
2185,2186,Fabrikam Coffee Maker 5C E090 Grey,Fabrikam,Grey,75.96,149.0,805,Coffee Machines,8,Home Appliances,73.04
2186,2187,Fabrikam Coffee Maker 4C E080 Grey,Fabrikam,Grey,66.23,129.9,805,Coffee Machines,8,Home Appliances,63.67
2187,2188,Fabrikam Coffee Maker 12C M100 Gold,Fabrikam,Gold,204.64,445.0,805,Coffee Machines,8,Home Appliances,240.36
2188,2189,Fabrikam Coffee Maker Auto 5C E090 Gold,Fabrikam,Gold,83.1,163.0,805,Coffee Machines,8,Home Appliances,79.9
2189,2190,Adventure Works Floor Lamp X1150 Black,Adventure Works,Black,210.72,635.99,806,Lamps,8,Home Appliances,425.27
2190,2191,Adventure Works Floor Lamp M2150 Black,Adventure Works,Black,155.89,339.0,806,Lamps,8,Home Appliances,183.11
2191,2192,Adventure Works Chandelier M8150 Black,Adventure Works,Black,123.47,268.5,806,Lamps,8,Home Appliances,145.03
2192,2193,Adventure Works Chandelier M6150 Black,Adventure Works,Black,105.76,229.99,806,Lamps,8,Home Appliances,124.23
2193,2194,Adventure Works Wall Lamp E2150 Black,Adventure Works,Black,61.17,119.99,806,Lamps,8,Home Appliances,58.81999999999999
2194,2195,Adventure Works Wall Lamp E3150 Black,Adventure Works,Black,52.0,101.99,806,Lamps,8,Home Appliances,49.989999999999995
2195,2196,Adventure Works Desk Lamp E1300 Black,Adventure Works,Black,40.76,79.95,806,Lamps,8,Home Appliances,39.190000000000005
2196,2197,Adventure Works Desk Lamp E1200 Black,Adventure Works,Black,15.29,29.99,806,Lamps,8,Home Appliances,14.7
2197,2198,Adventure Works Floor Lamp X1150 White,Adventure Works,White,210.72,635.99,806,Lamps,8,Home Appliances,425.27
2198,2199,Adventure Works Floor Lamp M2150 White,Adventure Works,White,155.89,339.0,806,Lamps,8,Home Appliances,183.11
2199,2200,Adventure Works Chandelier M8150 White,Adventure Works,White,123.47,268.5,806,Lamps,8,Home Appliances,145.03
2200,2201,Adventure Works Chandelier M6150 White,Adventure Works,White,105.76,229.99,806,Lamps,8,Home Appliances,124.23
2201,2202,Adventure Works Wall Lamp E2150 White,Adventure Works,White,61.17,119.99,806,Lamps,8,Home Appliances,58.81999999999999
2202,2203,Adventure Works Wall Lamp E3150 White,Adventure Works,White,52.0,101.99,806,Lamps,8,Home Appliances,49.989999999999995
2203,2204,Adventure Works Desk Lamp E1300 White,Adventure Works,White,40.76,79.95,806,Lamps,8,Home Appliances,39.190000000000005
2204,2205,Adventure Works Desk Lamp E1200 White,Adventure Works,White,15.29,29.99,806,Lamps,8,Home Appliances,14.7
2205,2206,Adventure Works Floor Lamp X1150 Silver,Adventure Works,Silver,210.72,635.99,806,Lamps,8,Home Appliances,425.27
2206,2207,Adventure Works Floor Lamp M2150 Silver,Adventure Works,Silver,155.89,339.0,806,Lamps,8,Home Appliances,183.11
2207,2208,Adventure Works Chandelier M8150 Silver,Adventure Works,Silver,123.47,268.5,806,Lamps,8,Home Appliances,145.03
2208,2209,Adventure Works Chandelier M6150 Silver,Adventure Works,Silver,105.76,229.99,806,Lamps,8,Home Appliances,124.23
2209,2210,Adventure Works Wall Lamp E2150 Silver,Adventure Works,Silver,61.17,119.99,806,Lamps,8,Home Appliances,58.81999999999999
2210,2211,Adventure Works Wall Lamp E3150 Silver,Adventure Works,Silver,52.0,101.99,806,Lamps,8,Home Appliances,49.989999999999995
2211,2212,Adventure Works Desk Lamp E1300 Silver,Adventure Works,Silver,40.76,79.95,806,Lamps,8,Home Appliances,39.190000000000005
2212,2213,Adventure Works Desk Lamp E1200 Silver,Adventure Works,Silver,15.29,29.99,806,Lamps,8,Home Appliances,14.7
2213,2214,Adventure Works Floor Lamp X1150 Grey,Adventure Works,Grey,210.72,635.99,806,Lamps,8,Home Appliances,425.27
2214,2215,Adventure Works Floor Lamp M2150 Grey,Adventure Works,Grey,155.89,339.0,806,Lamps,8,Home Appliances,183.11
2215,2216,Adventure Works Chandelier M8150 Grey,Adventure Works,Grey,123.47,268.5,806,Lamps,8,Home Appliances,145.03
2216,2217,Adventure Works Chandelier M6150 Grey,Adventure Works,Grey,105.76,229.99,806,Lamps,8,Home Appliances,124.23
2217,2218,Adventure Works Wall Lamp E2150 Grey,Adventure Works,Grey,61.17,119.99,806,Lamps,8,Home Appliances,58.81999999999999
2218,2219,Adventure Works Wall Lamp E3150 Grey,Adventure Works,Grey,52.0,101.99,806,Lamps,8,Home Appliances,49.989999999999995
2219,2220,Adventure Works Desk Lamp E1300 Grey,Adventure Works,Grey,40.76,79.95,806,Lamps,8,Home Appliances,39.190000000000005
2220,2221,Adventure Works Desk Lamp E1200 Grey,Adventure Works,Grey,15.29,29.99,806,Lamps,8,Home Appliances,14.7
2221,2222,Adventure Works Floor Lamp X1150 Blue,Adventure Works,Blue,210.72,635.99,806,Lamps,8,Home Appliances,425.27
2222,2223,Adventure Works Floor Lamp M2150 Blue,Adventure Works,Blue,155.89,339.0,806,Lamps,8,Home Appliances,183.11
2223,2224,Adventure Works Chandelier M8150 Blue,Adventure Works,Blue,123.47,268.5,806,Lamps,8,Home Appliances,145.03
2224,2225,Adventure Works Chandelier M6150 Blue,Adventure Works,Blue,105.76,229.99,806,Lamps,8,Home Appliances,124.23
2225,2226,Adventure Works Wall Lamp E2150 Blue,Adventure Works,Blue,61.17,119.99,806,Lamps,8,Home Appliances,58.81999999999999
2226,2227,Adventure Works Wall Lamp E3150 Blue,Adventure Works,Blue,52.0,101.99,806,Lamps,8,Home Appliances,49.989999999999995
2227,2228,Adventure Works Desk Lamp E1300 Blue,Adventure Works,Blue,40.76,79.95,806,Lamps,8,Home Appliances,39.190000000000005
2228,2229,Adventure Works Desk Lamp E1200 Blue,Adventure Works,Blue,15.29,29.99,806,Lamps,8,Home Appliances,14.7
2229,2230,WWI Floor Lamp X115 Black,Wide World Importers,Black,210.72,635.99,806,Lamps,8,Home Appliances,425.27
2230,2231,WWI Floor Lamp M215 Black,Wide World Importers,Black,155.89,339.0,806,Lamps,8,Home Appliances,183.11
2231,2232,WWI Chandelier M815 Black,Wide World Importers,Black,123.47,268.5,806,Lamps,8,Home Appliances,145.03
2232,2233,WWI Chandelier M615 Black,Wide World Importers,Black,105.76,229.99,806,Lamps,8,Home Appliances,124.23
2233,2234,WWI Wall Lamp E215 Black,Wide World Importers,Black,61.17,119.99,806,Lamps,8,Home Appliances,58.81999999999999
2234,2235,WWI Wall Lamp E315 Black,Wide World Importers,Black,52.0,101.99,806,Lamps,8,Home Appliances,49.989999999999995
2235,2236,WWI Desk Lamp E130 Black,Wide World Importers,Black,40.76,79.95,806,Lamps,8,Home Appliances,39.190000000000005
2236,2237,WWI Desk Lamp E120 Black,Wide World Importers,Black,15.29,29.99,806,Lamps,8,Home Appliances,14.7
2237,2238,WWI Floor Lamp X115 White,Wide World Importers,White,210.72,635.99,806,Lamps,8,Home Appliances,425.27
2238,2239,WWI Floor Lamp M215 White,Wide World Importers,White,155.89,339.0,806,Lamps,8,Home Appliances,183.11
2239,2240,WWI Chandelier M815 White,Wide World Importers,White,123.47,268.5,806,Lamps,8,Home Appliances,145.03
2240,2241,WWI Chandelier M615 White,Wide World Importers,White,105.76,229.99,806,Lamps,8,Home Appliances,124.23
2241,2242,WWI Wall Lamp E215 White,Wide World Importers,White,61.17,119.99,806,Lamps,8,Home Appliances,58.81999999999999
2242,2243,WWI Wall Lamp E315 White,Wide World Importers,White,52.0,101.99,806,Lamps,8,Home Appliances,49.989999999999995
2243,2244,WWI Desk Lamp E130 White,Wide World Importers,White,40.76,79.95,806,Lamps,8,Home Appliances,39.190000000000005
2244,2245,WWI Desk Lamp E120 White,Wide World Importers,White,15.29,29.99,806,Lamps,8,Home Appliances,14.7
2245,2246,WWI Floor Lamp X115 Silver,Wide World Importers,Silver,210.72,635.99,806,Lamps,8,Home Appliances,425.27
2246,2247,WWI Floor Lamp M215 Silver,Wide World Importers,Silver,155.89,339.0,806,Lamps,8,Home Appliances,183.11
2247,2248,WWI Chandelier M815 Silver,Wide World Importers,Silver,123.47,268.5,806,Lamps,8,Home Appliances,145.03
2248,2249,WWI Chandelier M615 Silver,Wide World Importers,Silver,105.76,229.99,806,Lamps,8,Home Appliances,124.23
2249,2250,WWI Wall Lamp E215 Silver,Wide World Importers,Silver,61.17,119.99,806,Lamps,8,Home Appliances,58.81999999999999
2250,2251,WWI Wall Lamp E315 Silver,Wide World Importers,Silver,52.0,101.99,806,Lamps,8,Home Appliances,49.989999999999995
2251,2252,WWI Desk Lamp E130 Silver,Wide World Importers,Silver,40.76,79.95,806,Lamps,8,Home Appliances,39.190000000000005
2252,2253,WWI Desk Lamp E120 Silver,Wide World Importers,Silver,15.29,29.99,806,Lamps,8,Home Appliances,14.7
2253,2254,WWI Floor Lamp X115 Grey,Wide World Importers,Grey,210.72,635.99,806,Lamps,8,Home Appliances,425.27
2254,2255,WWI Floor Lamp M215 Grey,Wide World Importers,Grey,155.89,339.0,806,Lamps,8,Home Appliances,183.11
2255,2256,WWI Chandelier M815 Grey,Wide World Importers,Grey,123.47,268.5,806,Lamps,8,Home Appliances,145.03
2256,2257,WWI Chandelier M615 Grey,Wide World Importers,Grey,105.76,229.99,806,Lamps,8,Home Appliances,124.23
2257,2258,WWI Wall Lamp E215 Grey,Wide World Importers,Grey,61.17,119.99,806,Lamps,8,Home Appliances,58.81999999999999
2258,2259,WWI Wall Lamp E315 Grey,Wide World Importers,Grey,52.0,101.99,806,Lamps,8,Home Appliances,49.989999999999995
2259,2260,WWI Desk Lamp E130 Grey,Wide World Importers,Grey,40.76,79.95,806,Lamps,8,Home Appliances,39.190000000000005
2260,2261,WWI Desk Lamp E120 Grey,Wide World Importers,Grey,15.29,29.99,806,Lamps,8,Home Appliances,14.7
2261,2262,WWI Floor Lamp X115 Blue,Wide World Importers,Blue,210.72,635.99,806,Lamps,8,Home Appliances,425.27
2262,2263,WWI Floor Lamp M215 Blue,Wide World Importers,Blue,155.89,339.0,806,Lamps,8,Home Appliances,183.11
2263,2264,WWI Chandelier M815 Blue,Wide World Importers,Blue,123.47,268.5,806,Lamps,8,Home Appliances,145.03
2264,2265,WWI Chandelier M615 Blue,Wide World Importers,Blue,105.76,229.99,806,Lamps,8,Home Appliances,124.23
2265,2266,WWI Wall Lamp E215 Blue,Wide World Importers,Blue,61.17,119.99,806,Lamps,8,Home Appliances,58.81999999999999
2266,2267,WWI Wall Lamp E315 Blue,Wide World Importers,Blue,52.0,101.99,806,Lamps,8,Home Appliances,49.989999999999995
2267,2268,WWI Desk Lamp E130 Blue,Wide World Importers,Blue,40.76,79.95,806,Lamps,8,Home Appliances,39.190000000000005
2268,2269,WWI Desk Lamp E120 Blue,Wide World Importers,Blue,15.29,29.99,806,Lamps,8,Home Appliances,14.7
2269,2270,Proseware Floor Lamp X0115 Black,Proseware,Black,210.72,635.99,806,Lamps,8,Home Appliances,425.27
2270,2271,Proseware Floor Lamp M0215 Black,Proseware,Black,155.89,339.0,806,Lamps,8,Home Appliances,183.11
2271,2272,Proseware Chandelier M0815 Black,Proseware,Black,123.47,268.5,806,Lamps,8,Home Appliances,145.03
2272,2273,Proseware Chandelier M0615 Black,Proseware,Black,105.76,229.99,806,Lamps,8,Home Appliances,124.23
2273,2274,Proseware Wall Lamp E0215 Black,Proseware,Black,61.17,119.99,806,Lamps,8,Home Appliances,58.81999999999999
2274,2275,Proseware Wall Lamp E0315 Black,Proseware,Black,52.0,101.99,806,Lamps,8,Home Appliances,49.989999999999995
2275,2276,Proseware Desk Lamp E0130 Black,Proseware,Black,40.76,79.95,806,Lamps,8,Home Appliances,39.190000000000005
2276,2277,Proseware Desk Lamp E0120 Black,Proseware,Black,15.29,29.99,806,Lamps,8,Home Appliances,14.7
2277,2278,Proseware Floor Lamp X0115 White,Proseware,White,210.72,635.99,806,Lamps,8,Home Appliances,425.27
2278,2279,Proseware Floor Lamp M0215 White,Proseware,White,155.89,339.0,806,Lamps,8,Home Appliances,183.11
2279,2280,Proseware Chandelier M0815 White,Proseware,White,123.47,268.5,806,Lamps,8,Home Appliances,145.03
2280,2281,Proseware Chandelier M0615 White,Proseware,White,105.76,229.99,806,Lamps,8,Home Appliances,124.23
2281,2282,Proseware Wall Lamp E0215 White,Proseware,White,61.17,119.99,806,Lamps,8,Home Appliances,58.81999999999999
2282,2283,Proseware Wall Lamp E0315 White,Proseware,White,52.0,101.99,806,Lamps,8,Home Appliances,49.989999999999995
2283,2284,Proseware Desk Lamp E0130 White,Proseware,White,40.76,79.95,806,Lamps,8,Home Appliances,39.190000000000005
2284,2285,Proseware Desk Lamp E0120 White,Proseware,White,15.29,29.99,806,Lamps,8,Home Appliances,14.7
2285,2286,Proseware Floor Lamp X0115 Silver,Proseware,Silver,210.72,635.99,806,Lamps,8,Home Appliances,425.27
2286,2287,Proseware Floor Lamp M0215 Silver,Proseware,Silver,155.89,339.0,806,Lamps,8,Home Appliances,183.11
2287,2288,Proseware Chandelier M0815 Silver,Proseware,Silver,123.47,268.5,806,Lamps,8,Home Appliances,145.03
2288,2289,Proseware Chandelier M0615 Silver,Proseware,Silver,105.76,229.99,806,Lamps,8,Home Appliances,124.23
2289,2290,Proseware Wall Lamp E0215 Silver,Proseware,Silver,61.17,119.99,806,Lamps,8,Home Appliances,58.81999999999999
2290,2291,Proseware Wall Lamp E0315 Silver,Proseware,Silver,52.0,101.99,806,Lamps,8,Home Appliances,49.989999999999995
2291,2292,Proseware Desk Lamp E0130 Silver,Proseware,Silver,40.76,79.95,806,Lamps,8,Home Appliances,39.190000000000005
2292,2293,Proseware Desk Lamp E0120 Silver,Proseware,Silver,15.29,29.99,806,Lamps,8,Home Appliances,14.7
2293,2294,Proseware Floor Lamp X0115 Grey,Proseware,Grey,210.72,635.99,806,Lamps,8,Home Appliances,425.27
2294,2295,Proseware Floor Lamp M0215 Grey,Proseware,Grey,155.89,339.0,806,Lamps,8,Home Appliances,183.11
2295,2296,Proseware Chandelier M0815 Grey,Proseware,Grey,123.47,268.5,806,Lamps,8,Home Appliances,145.03
2296,2297,Proseware Chandelier M0615 Grey,Proseware,Grey,105.76,229.99,806,Lamps,8,Home Appliances,124.23
2297,2298,Proseware Wall Lamp E0215 Grey,Proseware,Grey,61.17,119.99,806,Lamps,8,Home Appliances,58.81999999999999
2298,2299,Proseware Wall Lamp E0315 Grey,Proseware,Grey,52.0,101.99,806,Lamps,8,Home Appliances,49.989999999999995
2299,2300,Proseware Desk Lamp E0130 Grey,Proseware,Grey,40.76,79.95,806,Lamps,8,Home Appliances,39.190000000000005
2300,2301,Proseware Desk Lamp E0120 Grey,Proseware,Grey,15.29,29.99,806,Lamps,8,Home Appliances,14.7
2301,2302,Proseware Floor Lamp X0115 Blue,Proseware,Blue,210.72,635.99,806,Lamps,8,Home Appliances,425.27
2302,2303,Proseware Floor Lamp M0215 Blue,Proseware,Blue,155.89,339.0,806,Lamps,8,Home Appliances,183.11
2303,2304,Proseware Chandelier M0815 Blue,Proseware,Blue,123.47,268.5,806,Lamps,8,Home Appliances,145.03
2304,2305,Proseware Chandelier M0615 Blue,Proseware,Blue,105.76,229.99,806,Lamps,8,Home Appliances,124.23
2305,2306,Proseware Wall Lamp E0215 Blue,Proseware,Blue,61.17,119.99,806,Lamps,8,Home Appliances,58.81999999999999
2306,2307,Proseware Wall Lamp E0315 Blue,Proseware,Blue,52.0,101.99,806,Lamps,8,Home Appliances,49.989999999999995
2307,2308,Proseware Desk Lamp E0130 Blue,Proseware,Blue,40.76,79.95,806,Lamps,8,Home Appliances,39.190000000000005
2308,2309,Proseware Desk Lamp E0120 Blue,Proseware,Blue,15.29,29.99,806,Lamps,8,Home Appliances,14.7
2309,2310,Litware Floor Lamp X1015 Black,Litware,Black,210.72,635.99,806,Lamps,8,Home Appliances,425.27
2310,2311,Litware Floor Lamp M2015 Black,Litware,Black,155.89,339.0,806,Lamps,8,Home Appliances,183.11
2311,2312,Litware Chandelier M8015 Black,Litware,Black,123.47,268.5,806,Lamps,8,Home Appliances,145.03
2312,2313,Litware Chandelier M6015 Black,Litware,Black,105.76,229.99,806,Lamps,8,Home Appliances,124.23
2313,2314,Litware Wall Lamp E2015 Black,Litware,Black,61.17,119.99,806,Lamps,8,Home Appliances,58.81999999999999
2314,2315,Litware Wall Lamp E3015 Black,Litware,Black,52.0,101.99,806,Lamps,8,Home Appliances,49.989999999999995
2315,2316,Litware Desk Lamp E1030 Black,Litware,Black,40.76,79.95,806,Lamps,8,Home Appliances,39.190000000000005
2316,2317,Litware Desk Lamp E1020 Black,Litware,Black,15.29,29.99,806,Lamps,8,Home Appliances,14.7
2317,2318,Litware Floor Lamp X1015 White,Litware,White,210.72,635.99,806,Lamps,8,Home Appliances,425.27
2318,2319,Litware Floor Lamp M2015 White,Litware,White,155.89,339.0,806,Lamps,8,Home Appliances,183.11
2319,2320,Litware Chandelier M8015 White,Litware,White,123.47,268.5,806,Lamps,8,Home Appliances,145.03
2320,2321,Litware Chandelier M6015 White,Litware,White,105.76,229.99,806,Lamps,8,Home Appliances,124.23
2321,2322,Litware Wall Lamp E2015 White,Litware,White,61.17,119.99,806,Lamps,8,Home Appliances,58.81999999999999
2322,2323,Litware Wall Lamp E3015 White,Litware,White,52.0,101.99,806,Lamps,8,Home Appliances,49.989999999999995
2323,2324,Litware Desk Lamp E1030 White,Litware,White,40.76,79.95,806,Lamps,8,Home Appliances,39.190000000000005
2324,2325,Litware Desk Lamp E1020 White,Litware,White,15.29,29.99,806,Lamps,8,Home Appliances,14.7
2325,2326,Litware Floor Lamp X1015 Silver,Litware,Silver,210.72,635.99,806,Lamps,8,Home Appliances,425.27
2326,2327,Litware Floor Lamp M2015 Silver,Litware,Silver,155.89,339.0,806,Lamps,8,Home Appliances,183.11
2327,2328,Litware Chandelier M8015 Silver,Litware,Silver,123.47,268.5,806,Lamps,8,Home Appliances,145.03
2328,2329,Litware Chandelier M6015 Silver,Litware,Silver,105.76,229.99,806,Lamps,8,Home Appliances,124.23
2329,2330,Litware Wall Lamp E2015 Silver,Litware,Silver,61.17,119.99,806,Lamps,8,Home Appliances,58.81999999999999
2330,2331,Litware Wall Lamp E3015 Silver,Litware,Silver,52.0,101.99,806,Lamps,8,Home Appliances,49.989999999999995
2331,2332,Litware Desk Lamp E1030 Silver,Litware,Silver,40.76,79.95,806,Lamps,8,Home Appliances,39.190000000000005
2332,2333,Litware Desk Lamp E1020 Silver,Litware,Silver,15.29,29.99,806,Lamps,8,Home Appliances,14.7
2333,2334,Litware Floor Lamp X1015 Grey,Litware,Grey,210.72,635.99,806,Lamps,8,Home Appliances,425.27
2334,2335,Litware Floor Lamp M2015 Grey,Litware,Grey,155.89,339.0,806,Lamps,8,Home Appliances,183.11
2335,2336,Litware Chandelier M8015 Grey,Litware,Grey,123.47,268.5,806,Lamps,8,Home Appliances,145.03
2336,2337,Litware Chandelier M6015 Grey,Litware,Grey,105.76,229.99,806,Lamps,8,Home Appliances,124.23
2337,2338,Litware Wall Lamp E2015 Grey,Litware,Grey,61.17,119.99,806,Lamps,8,Home Appliances,58.81999999999999
2338,2339,Litware Wall Lamp E3015 Grey,Litware,Grey,52.0,101.99,806,Lamps,8,Home Appliances,49.989999999999995
2339,2340,Litware Desk Lamp E1030 Grey,Litware,Grey,40.76,79.95,806,Lamps,8,Home Appliances,39.190000000000005
2340,2341,Litware Desk Lamp E1020 Grey,Litware,Grey,15.29,29.99,806,Lamps,8,Home Appliances,14.7
2341,2342,Litware Floor Lamp X1015 Blue,Litware,Blue,210.72,635.99,806,Lamps,8,Home Appliances,425.27
2342,2343,Litware Floor Lamp M2015 Blue,Litware,Blue,155.89,339.0,806,Lamps,8,Home Appliances,183.11
2343,2344,Litware Chandelier M8015 Blue,Litware,Blue,123.47,268.5,806,Lamps,8,Home Appliances,145.03
2344,2345,Litware Chandelier M6015 Blue,Litware,Blue,105.76,229.99,806,Lamps,8,Home Appliances,124.23
2345,2346,Litware Wall Lamp E2015 Blue,Litware,Blue,61.17,119.99,806,Lamps,8,Home Appliances,58.81999999999999
2346,2347,Litware Wall Lamp E3015 Blue,Litware,Blue,52.0,101.99,806,Lamps,8,Home Appliances,49.989999999999995
2347,2348,Contoso Air conditioner 25000BTU L1672 White,Contoso,White,210.72,635.99,807,Air Conditioners,8,Home Appliances,425.27
2348,2349,Contoso Air conditioner 12000BTU M0640 White,Contoso,White,211.53,459.99,807,Air Conditioners,8,Home Appliances,248.46
2349,2350,Contoso Air conditioner 10000BTU M0490 White,Contoso,White,197.74,429.99,807,Air Conditioners,8,Home Appliances,232.25
2350,2351,Contoso Air conditioner 8000BTU M0320 White,Contoso,White,183.94,399.99,807,Air Conditioners,8,Home Appliances,216.05
2351,2352,Contoso Air conditioner 7000BTU E0260 White,Contoso,White,152.94,299.99,807,Air Conditioners,8,Home Appliances,147.05
2352,2353,Contoso Air conditioner 6000BTU E0180 White,Contoso,White,101.96,199.99,807,Air Conditioners,8,Home Appliances,98.03000000000002
2353,2354,Contoso Air conditioner 5200BTU E0100 White,Contoso,White,56.08,109.99,807,Air Conditioners,8,Home Appliances,53.91
2354,2355,Contoso Air conditioner 25000BTU L1672 Red,Contoso,Red,210.72,635.99,807,Air Conditioners,8,Home Appliances,425.27
2355,2356,Contoso Air conditioner 12000BTU M0640 Red,Contoso,Red,211.53,459.99,807,Air Conditioners,8,Home Appliances,248.46
2356,2357,Contoso Air conditioner 10000BTU M0490 Red,Contoso,Red,197.74,429.99,807,Air Conditioners,8,Home Appliances,232.25
2357,2358,Contoso Air conditioner 8000BTU M0320 Red,Contoso,Red,183.94,399.99,807,Air Conditioners,8,Home Appliances,216.05
2358,2359,Contoso Air conditioner 7000BTU E0260 Red,Contoso,Red,152.94,299.99,807,Air Conditioners,8,Home Appliances,147.05
2359,2360,Contoso Air conditioner 6000BTU E0180 Red,Contoso,Red,101.96,199.99,807,Air Conditioners,8,Home Appliances,98.03000000000002
2360,2361,Contoso Air conditioner 5200BTU E0100 Red,Contoso,Red,56.08,109.99,807,Air Conditioners,8,Home Appliances,53.91
2361,2362,Contoso Air conditioner 25000BTU L1672 Silver,Contoso,Silver,210.72,635.99,807,Air Conditioners,8,Home Appliances,425.27
2362,2363,Contoso Air conditioner 12000BTU M0640 Silver,Contoso,Silver,211.53,459.99,807,Air Conditioners,8,Home Appliances,248.46
2363,2364,Contoso Air conditioner 10000BTU M0490 Silver,Contoso,Silver,197.74,429.99,807,Air Conditioners,8,Home Appliances,232.25
2364,2365,Contoso Air conditioner 8000BTU M0320 Silver,Contoso,Silver,183.94,399.99,807,Air Conditioners,8,Home Appliances,216.05
2365,2366,Contoso Air conditioner 7000BTU E0260 Silver,Contoso,Silver,152.94,299.99,807,Air Conditioners,8,Home Appliances,147.05
2366,2367,Contoso Air conditioner 6000BTU E0180 Silver,Contoso,Silver,101.96,199.99,807,Air Conditioners,8,Home Appliances,98.03000000000002
2367,2368,Contoso Air conditioner 5200BTU E0100 Silver,Contoso,Silver,56.08,109.99,807,Air Conditioners,8,Home Appliances,53.91
2368,2369,Contoso Air conditioner 25000BTU L1672 Grey,Contoso,Grey,210.72,635.99,807,Air Conditioners,8,Home Appliances,425.27
2369,2370,Contoso Air conditioner 12000BTU M0640 Grey,Contoso,Grey,211.53,459.99,807,Air Conditioners,8,Home Appliances,248.46
2370,2371,Contoso Air conditioner 10000BTU M0490 Grey,Contoso,Grey,197.74,429.99,807,Air Conditioners,8,Home Appliances,232.25
2371,2372,Contoso Air conditioner 8000BTU M0320 Grey,Contoso,Grey,183.94,399.99,807,Air Conditioners,8,Home Appliances,216.05
2372,2373,Contoso Air conditioner 7000BTU E0260 Grey,Contoso,Grey,152.94,299.99,807,Air Conditioners,8,Home Appliances,147.05
2373,2374,Contoso Air conditioner 6000BTU E0180 Grey,Contoso,Grey,101.96,199.99,807,Air Conditioners,8,Home Appliances,98.03000000000002
2374,2375,Contoso Air conditioner 5200BTU E0100 Grey,Contoso,Grey,56.08,109.99,807,Air Conditioners,8,Home Appliances,53.91
2375,2376,Contoso Air conditioner 25000BTU L1672 Blue,Contoso,Blue,210.72,635.99,807,Air Conditioners,8,Home Appliances,425.27
2376,2377,Contoso Air conditioner 12000BTU M0640 Blue,Contoso,Blue,211.53,459.99,807,Air Conditioners,8,Home Appliances,248.46
2377,2378,Contoso Air conditioner 10000BTU M0490 Blue,Contoso,Blue,197.74,429.99,807,Air Conditioners,8,Home Appliances,232.25
2378,2379,Contoso Air conditioner 8000BTU M0320 Blue,Contoso,Blue,183.94,399.99,807,Air Conditioners,8,Home Appliances,216.05
2379,2380,Contoso Air conditioner 7000BTU E0260 Blue,Contoso,Blue,152.94,299.99,807,Air Conditioners,8,Home Appliances,147.05
2380,2381,Contoso Air conditioner 6000BTU E0180 Blue,Contoso,Blue,101.96,199.99,807,Air Conditioners,8,Home Appliances,98.03000000000002
2381,2382,Contoso Air conditioner 5200BTU E0100 Blue,Contoso,Blue,56.08,109.99,807,Air Conditioners,8,Home Appliances,53.91
2382,2383,Proseware Air conditioner 25000BTU L167 White,Proseware,White,210.72,635.99,807,Air Conditioners,8,Home Appliances,425.27
2383,2384,Proseware Air conditioner 12000BTU M640 White,Proseware,White,211.53,459.99,807,Air Conditioners,8,Home Appliances,248.46
2384,2385,Proseware Air conditioner 10000BTU M490 White,Proseware,White,197.74,429.99,807,Air Conditioners,8,Home Appliances,232.25
2385,2386,Proseware Air conditioner 8000BTU M320 White,Proseware,White,183.94,399.99,807,Air Conditioners,8,Home Appliances,216.05
2386,2387,Proseware Air conditioner 7000BTU E260 White,Proseware,White,152.94,299.99,807,Air Conditioners,8,Home Appliances,147.05
2387,2388,Proseware Air conditioner 6000BTU E180 White,Proseware,White,101.96,199.99,807,Air Conditioners,8,Home Appliances,98.03000000000002
2388,2389,Proseware Air conditioner 5200BTU E100 White,Proseware,White,56.08,109.99,807,Air Conditioners,8,Home Appliances,53.91
2389,2390,Proseware Air conditioner 25000BTU L167 Red,Proseware,Red,210.72,635.99,807,Air Conditioners,8,Home Appliances,425.27
2390,2391,Proseware Air conditioner 12000BTU M640 Red,Proseware,Red,211.53,459.99,807,Air Conditioners,8,Home Appliances,248.46
2391,2392,Proseware Air conditioner 10000BTU M490 Red,Proseware,Red,197.74,429.99,807,Air Conditioners,8,Home Appliances,232.25
2392,2393,Proseware Air conditioner 8000BTU M320 Red,Proseware,Red,183.94,399.99,807,Air Conditioners,8,Home Appliances,216.05
2393,2394,Proseware Air conditioner 7000BTU E260 Red,Proseware,Red,152.94,299.99,807,Air Conditioners,8,Home Appliances,147.05
2394,2395,Proseware Air conditioner 6000BTU E180 Red,Proseware,Red,101.96,199.99,807,Air Conditioners,8,Home Appliances,98.03000000000002
2395,2396,Proseware Air conditioner 5200BTU E100 Red,Proseware,Red,56.08,109.99,807,Air Conditioners,8,Home Appliances,53.91
2396,2397,Proseware Air conditioner 25000BTU L167 Silver,Proseware,Silver,210.72,635.99,807,Air Conditioners,8,Home Appliances,425.27
2397,2398,Proseware Air conditioner 12000BTU M640 Silver,Proseware,Silver,211.53,459.99,807,Air Conditioners,8,Home Appliances,248.46
2398,2399,Proseware Air conditioner 10000BTU M490 Silver,Proseware,Silver,197.74,429.99,807,Air Conditioners,8,Home Appliances,232.25
2399,2400,Proseware Air conditioner 8000BTU M320 Silver,Proseware,Silver,183.94,399.99,807,Air Conditioners,8,Home Appliances,216.05
2400,2401,Proseware Air conditioner 7000BTU E260 Silver,Proseware,Silver,152.94,299.99,807,Air Conditioners,8,Home Appliances,147.05
2401,2402,Proseware Air conditioner 6000BTU E180 Silver,Proseware,Silver,101.96,199.99,807,Air Conditioners,8,Home Appliances,98.03000000000002
2402,2403,Proseware Air conditioner 5200BTU E100 Silver,Proseware,Silver,56.08,109.99,807,Air Conditioners,8,Home Appliances,53.91
2403,2404,Proseware Air conditioner 25000BTU L167 Grey,Proseware,Grey,210.72,635.99,807,Air Conditioners,8,Home Appliances,425.27
2404,2405,Proseware Air conditioner 12000BTU M640 Grey,Proseware,Grey,211.53,459.99,807,Air Conditioners,8,Home Appliances,248.46
2405,2406,Proseware Air conditioner 10000BTU M490 Grey,Proseware,Grey,197.74,429.99,807,Air Conditioners,8,Home Appliances,232.25
2406,2407,Proseware Air conditioner 8000BTU M320 Grey,Proseware,Grey,183.94,399.99,807,Air Conditioners,8,Home Appliances,216.05
2407,2408,Proseware Air conditioner 7000BTU E260 Grey,Proseware,Grey,152.94,299.99,807,Air Conditioners,8,Home Appliances,147.05
2408,2409,Proseware Air conditioner 6000BTU E180 Grey,Proseware,Grey,101.96,199.99,807,Air Conditioners,8,Home Appliances,98.03000000000002
2409,2410,Litware 3-Speed Oscillating High-Performance Fan E201 Black,Litware,Black,15.29,29.99,808,Fans,8,Home Appliances,14.7
2410,2411,Litware 3-Speed Oscillating High-Performance Fan E201 White,Litware,White,15.29,29.99,808,Fans,8,Home Appliances,14.7
2411,2412,Litware 3-Speed Oscillating High-Performance Fan E201 Silver,Litware,Silver,15.29,29.99,808,Fans,8,Home Appliances,14.7
2412,2413,Litware 18'' Adjustable Oscillating Pedestal Fan E301 Black,Litware,Black,18.78,36.83,808,Fans,8,Home Appliances,18.049999999999997
2413,2414,Litware 18'' Adjustable Oscillating Pedestal Fan E301 White,Litware,White,18.78,36.83,808,Fans,8,Home Appliances,18.049999999999997
2414,2415,Litware 18'' Adjustable Oscillating Pedestal Fan E301 Silver,Litware,Silver,18.78,36.83,808,Fans,8,Home Appliances,18.049999999999997
2415,2416,Litware 3-Speed Oscillating Blower Fan M115 White,Litware,White,34.03,73.99,808,Fans,8,Home Appliances,39.959999999999994
2416,2417,Litware 3-Speed Oscillating Blower Fan M115 Black,Litware,Black,34.03,73.99,808,Fans,8,Home Appliances,39.959999999999994
2417,2418,Litware 3-Speed Oscillating Blower Fan M115 Silver,Litware,Silver,34.03,73.99,808,Fans,8,Home Appliances,39.959999999999994
2418,2419,Litware 20'' Box Fan E401 Blue,Litware,Blue,13.25,25.99,808,Fans,8,Home Appliances,12.739999999999998
2419,2420,Litware 20'' Box Fan E401 Black,Litware,Black,13.25,25.99,808,Fans,8,Home Appliances,12.739999999999998
2420,2421,Litware 20'' Box Fan E401 White,Litware,White,13.25,25.99,808,Fans,8,Home Appliances,12.739999999999998
2421,2422,Litware 20'' Box Fan E401 Yellow,Litware,Yellow,13.25,25.99,808,Fans,8,Home Appliances,12.739999999999998
2422,2423,Litware Tower Fan E501 Black,Litware,Black,20.39,39.99,808,Fans,8,Home Appliances,19.6
2423,2424,Litware Tower Fan E501 White,Litware,White,20.39,39.99,808,Fans,8,Home Appliances,19.6
2424,2425,Litware Tower Fan E501 Yellow,Litware,Yellow,20.39,39.99,808,Fans,8,Home Appliances,19.6
2425,2426,Litware Tower Fan E501 Silver,Litware,Silver,20.39,39.99,808,Fans,8,Home Appliances,19.6
2426,2427,Litware Mobile Fan External USB Cooling Fan E601 Silver,Litware,Silver,16.77,32.89,808,Fans,8,Home Appliances,16.12
2427,2428,Litware Mobile Fan External USB Cooling Fan E601 White,Litware,White,16.77,32.89,808,Fans,8,Home Appliances,16.12
2428,2429,Litware Mobile Fan External USB Cooling Fan E601 Pink,Litware,Pink,16.77,32.89,808,Fans,8,Home Appliances,16.12
2429,2430,Litware Mobile Fan External USB Cooling Fan E601 Black,Litware,Black,16.77,32.89,808,Fans,8,Home Appliances,16.12
2430,2431,"Litware 16"" White Oscillating Stand Fan E701 White",Litware,White,14.83,29.09,808,Fans,8,Home Appliances,14.26
2431,2432,"Litware 16"" White Oscillating Stand Fan E701 Black",Litware,Black,14.83,29.09,808,Fans,8,Home Appliances,14.26
2432,2433,"Litware 16"" White Oscillating Stand Fan E701 Silver",Litware,Silver,14.83,29.09,808,Fans,8,Home Appliances,14.26
2433,2434,"Litware 16"" White Oscillating Stand Fan E701 Grey",Litware,Grey,14.83,29.09,808,Fans,8,Home Appliances,14.26
2434,2435,"Litware 14"" High Velocity Floor Fan E801 Silver",Litware,Silver,22.94,44.99,808,Fans,8,Home Appliances,22.05
2435,2436,"Litware 14"" High Velocity Floor Fan E801 White",Litware,White,22.94,44.99,808,Fans,8,Home Appliances,22.05
2436,2437,"Litware 14"" High Velocity Floor Fan E801 Black",Litware,Black,22.94,44.99,808,Fans,8,Home Appliances,22.05
2437,2438,"Litware 14"" High Velocity Floor Fan E801 Pink",Litware,Pink,22.94,44.99,808,Fans,8,Home Appliances,22.05
2438,2439,Litware 120mm Blue LED Case Fan E901 Black,Litware,Black,5.09,9.99,808,Fans,8,Home Appliances,4.9
2439,2440,Litware 120mm Blue LED Case Fan E901 White,Litware,White,5.09,9.99,808,Fans,8,Home Appliances,4.9
2440,2441,Litware 120mm Blue LED Case Fan E901 blue,Litware,Blue,5.09,9.99,808,Fans,8,Home Appliances,4.9
2441,2442,Litware 120mm Blue LED Case Fan E901 Grey,Litware,Grey,5.09,9.99,808,Fans,8,Home Appliances,4.9
2442,2443,Litware 80mm Dual Ball Bearing Case Fan E1001 Black,Litware,Black,2.54,4.99,808,Fans,8,Home Appliances,2.45
2443,2444,Litware 80mm Dual Ball Bearing Case Fan E1001 White,Litware,White,2.54,4.99,808,Fans,8,Home Appliances,2.45
2444,2445,Litware 80mm Dual Ball Bearing Case Fan E1001 Green,Litware,Green,2.54,4.99,808,Fans,8,Home Appliances,2.45
2445,2446,Litware 80mm Dual Ball Bearing Case Fan E1001 Pink,Litware,Pink,2.54,4.99,808,Fans,8,Home Appliances,2.45
2446,2447,Litware 92mm DBB Case Fan E1101 Silver,Litware,Silver,7.64,14.99,808,Fans,8,Home Appliances,7.3500000000000005
2447,2448,Litware 92mm DBB Case Fan E1101 Black,Litware,Black,7.64,14.99,808,Fans,8,Home Appliances,7.3500000000000005
2448,2449,Litware 92mm DBB Case Fan E1101 White,Litware,White,7.64,14.99,808,Fans,8,Home Appliances,7.3500000000000005
2449,2450,Litware 92mm DBB Case Fan E1101 Grey,Litware,Grey,7.64,14.99,808,Fans,8,Home Appliances,7.3500000000000005
2450,2451,Litware Desktop Wind Tower Oscillating Fan E1201 Brown,Litware,Brown,15.29,29.99,808,Fans,8,Home Appliances,14.7
2451,2452,Litware Desktop Wind Tower Oscillating Fan E1201 Purple,Litware,Purple,15.29,29.99,808,Fans,8,Home Appliances,14.7
2452,2453,Litware Desktop Wind Tower Oscillating Fan E1201 Black,Litware,Black,15.29,29.99,808,Fans,8,Home Appliances,14.7
2453,2454,Litware Desktop Wind Tower Oscillating Fan E1201 White,Litware,White,15.29,29.99,808,Fans,8,Home Appliances,14.7
2454,2455,Litware USB Foam Fan E1301 Pink,Litware,Pink,10.19,19.99,808,Fans,8,Home Appliances,9.799999999999999
2455,2456,Litware USB Foam Fan E1301 White,Litware,White,10.19,19.99,808,Fans,8,Home Appliances,9.799999999999999
2456,2457,Litware USB Foam Fan E1301 Black,Litware,Black,10.19,19.99,808,Fans,8,Home Appliances,9.799999999999999
2457,2458,Litware USB Foam Fan E1301 Red,Litware,Red,10.19,19.99,808,Fans,8,Home Appliances,9.799999999999999
2458,2459,Litware 180 CFM Vertical Discharge Fan X450 Red,Litware,Red,71.44,215.62,808,Fans,8,Home Appliances,144.18
2459,2460,Litware 180 CFM Vertical Discharge Fan X450 Black,Litware,Black,71.44,215.62,808,Fans,8,Home Appliances,144.18
2460,2461,Litware 180 CFM Vertical Discharge Fan X450 White,Litware,White,71.44,215.62,808,Fans,8,Home Appliances,144.18
2461,2462,Litware 180 CFM Vertical Discharge Fan X450 Blue,Litware,Blue,71.44,215.62,808,Fans,8,Home Appliances,144.18
2462,2463,Litware USB Durable Desk Soft Fan E1401 White,Litware,White,15.29,30.0,808,Fans,8,Home Appliances,14.71
2463,2464,Litware USB Durable Desk Soft Fan E1401 Black,Litware,Black,15.29,30.0,808,Fans,8,Home Appliances,14.71
2464,2465,Litware USB Durable Desk Soft Fan E1401 Blue,Litware,Blue,15.29,30.0,808,Fans,8,Home Appliances,14.71
2465,2466,Litware USB Durable Desk Soft Fan E1401 Red,Litware,Red,15.29,30.0,808,Fans,8,Home Appliances,14.71
2466,2467,Litware 80mm LED Dual PCI Slot Fan E1501 Yellow,Litware,Yellow,15.8,30.99,808,Fans,8,Home Appliances,15.189999999999998
2467,2468,Litware 80mm LED Dual PCI Slot Fan E1501 Red,Litware,Red,15.8,30.99,808,Fans,8,Home Appliances,15.189999999999998
2468,2469,Litware 80mm LED Dual PCI Slot Fan E1501 Blue,Litware,Blue,15.8,30.99,808,Fans,8,Home Appliances,15.189999999999998
2469,2470,Litware 80mm LED Dual PCI Slot Fan E1501 Pink,Litware,Pink,15.8,30.99,808,Fans,8,Home Appliances,15.189999999999998
2470,2471,Litware 80mm LED Dual PCI Slot Fan E1501 White,Litware,White,15.8,30.99,808,Fans,8,Home Appliances,15.189999999999998
2471,2472,Litware 20'' Weather-Shield Performance Box Fan E1601 Orange,Litware,Orange,15.29,29.99,808,Fans,8,Home Appliances,14.7
2472,2473,Litware 20'' Weather-Shield Performance Box Fan E1601 Yellow,Litware,Yellow,15.29,29.99,808,Fans,8,Home Appliances,14.7
2473,2474,Litware 20'' Weather-Shield Performance Box Fan E1601 White,Litware,White,15.29,29.99,808,Fans,8,Home Appliances,14.7
2474,2475,Litware 20'' Weather-Shield Performance Box Fan E1601 Black,Litware,Black,15.29,29.99,808,Fans,8,Home Appliances,14.7
2475,2476,Litware 17'' Oscillating Pedestal Fan M125 Pink,Litware,Pink,96.57,210.0,808,Fans,8,Home Appliances,113.43
2476,2477,Litware 17'' Oscillating Pedestal Fan M125 Yellow,Litware,Yellow,96.57,210.0,808,Fans,8,Home Appliances,113.43
2477,2478,Litware 17'' Oscillating Pedestal Fan M125 Blue,Litware,Blue,96.57,210.0,808,Fans,8,Home Appliances,113.43
2478,2479,Litware 17'' Oscillating Pedestal Fan M125 White,Litware,White,96.57,210.0,808,Fans,8,Home Appliances,113.43
2479,2480,Litware 18'' Oscillating Pedestal Fan M135 Pink,Litware,Pink,160.95,350.0,808,Fans,8,Home Appliances,189.05
2480,2481,Litware 18'' Oscillating Pedestal Fan M135 Yellow,Litware,Yellow,160.95,350.0,808,Fans,8,Home Appliances,189.05
2481,2482,Litware 18'' Oscillating Pedestal Fan M135 Blue,Litware,Blue,160.95,350.0,808,Fans,8,Home Appliances,189.05
2482,2483,Litware 18'' Oscillating Pedestal Fan M135 White,Litware,White,160.95,350.0,808,Fans,8,Home Appliances,189.05
2483,2484,Litware 18'' Oscillating Pedestal Fan M145 Pink,Litware,Pink,183.95,400.0,808,Fans,8,Home Appliances,216.05
2484,2485,Litware 18'' Oscillating Pedestal Fan M145 Yellow,Litware,Yellow,183.95,400.0,808,Fans,8,Home Appliances,216.05
2485,2486,Litware 18'' Oscillating Pedestal Fan M145 Blue,Litware,Blue,183.95,400.0,808,Fans,8,Home Appliances,216.05
2486,2487,Litware 18'' Oscillating Pedestal Fan M145 White,Litware,White,183.95,400.0,808,Fans,8,Home Appliances,216.05
2487,2488,Contoso Rubberized Skin BlackBerry E100 Black,Contoso,Black,7.64,14.99,505,Cell phones Accessories,5,Cell phones,7.3500000000000005
2488,2489,Contoso Rubberized Skin BlackBerry E100 Silver,Contoso,Silver,7.64,14.99,505,Cell phones Accessories,5,Cell phones,7.3500000000000005
2489,2490,Contoso Rubberized Skin BlackBerry E100 White,Contoso,White,7.64,14.99,505,Cell phones Accessories,5,Cell phones,7.3500000000000005
2490,2491,Cigarette Lighter Adapter for Contoso Phones E110 Black,Contoso,Black,12.74,24.99,505,Cell phones Accessories,5,Cell phones,12.249999999999998
2491,2492,Cigarette Lighter Adapter for Contoso Phones E110 White,Contoso,White,12.74,24.99,505,Cell phones Accessories,5,Cell phones,12.249999999999998
2492,2493,Cigarette Lighter Adapter for Contoso Phones E110 Red,Contoso,Red,12.74,24.99,505,Cell phones Accessories,5,Cell phones,12.249999999999998
2493,2494,Reusable Phone Screen Protector E120,Contoso,Transparent,1.5,2.94,505,Cell phones Accessories,5,Cell phones,1.44
2494,2495,Headphone Adapter for Contoso Phone E130 Black,Contoso,Black,5.09,9.99,505,Cell phones Accessories,5,Cell phones,4.9
2495,2496,Headphone Adapter for Contoso Phone E130 Silver,Contoso,Silver,5.09,9.99,505,Cell phones Accessories,5,Cell phones,4.9
2496,2497,Headphone Adapter for Contoso Phone E130 White,Contoso,White,5.09,9.99,505,Cell phones Accessories,5,Cell phones,4.9
2497,2498,Contoso Phone Tough Skin Case E140 Black,Contoso,Black,12.09,23.72,505,Cell phones Accessories,5,Cell phones,11.629999999999999
2498,2499,Contoso Phone Tough Skin Case E140 White,Contoso,White,12.09,23.72,505,Cell phones Accessories,5,Cell phones,11.629999999999999
2499,2500,Contoso Phone Tough Skin Case E140 Silver,Contoso,Silver,12.09,23.72,505,Cell phones Accessories,5,Cell phones,11.629999999999999
2500,2501,Contoso Phone Tough Skin Case E140 Pink,Contoso,Pink,12.09,23.72,505,Cell phones Accessories,5,Cell phones,11.629999999999999
2501,2502,Contoso Touch Stylus Pen E150 Black,Contoso,Black,5.09,9.99,505,Cell phones Accessories,5,Cell phones,4.9
2502,2503,Contoso Touch Stylus Pen E150 Silver,Contoso,Silver,5.09,9.99,505,Cell phones Accessories,5,Cell phones,4.9
2503,2504,Contoso Touch Stylus Pen E150 White,Contoso,White,5.09,9.99,505,Cell phones Accessories,5,Cell phones,4.9
2504,2505,Contoso Touch Stylus Pen E150 Red,Contoso,Red,5.09,9.99,505,Cell phones Accessories,5,Cell phones,4.9
2505,2506,Contoso Rubberized Snap-On Cover Hard Case Cell Phone Protector E160 Pink,Contoso,Pink,2.42,4.74,505,Cell phones Accessories,5,Cell phones,2.3200000000000003
2506,2507,Contoso Rubberized Snap-On Cover Hard Case Cell Phone Protector E160 White,Contoso,White,2.42,4.74,505,Cell phones Accessories,5,Cell phones,2.3200000000000003
2507,2508,Contoso Rubberized Snap-On Cover Hard Case Cell Phone Protector E160 Silver,Contoso,Silver,2.42,4.74,505,Cell phones Accessories,5,Cell phones,2.3200000000000003
2508,2509,Contoso Original K1m Li-Ion Standard Battery E170 Black,Contoso,Black,2.07,4.06,505,Cell phones Accessories,5,Cell phones,1.9899999999999998
2509,2510,Contoso Original K1m Li-Ion Standard Battery E170 White,Contoso,White,2.07,4.06,505,Cell phones Accessories,5,Cell phones,1.9899999999999998
2510,2511,Contoso Original K1m Li-Ion Standard Battery E170 Silver,Contoso,Silver,2.07,4.06,505,Cell phones Accessories,5,Cell phones,1.9899999999999998
2511,2512,Contoso Bluetooth Active Headphones L15 Black,Contoso,Black,43.07,129.99,505,Cell phones Accessories,5,Cell phones,86.92000000000002
2512,2513,Contoso Bluetooth Active Headphones L15 Red,Contoso,Red,43.07,129.99,505,Cell phones Accessories,5,Cell phones,86.92000000000002
2513,2514,Contoso Bluetooth Active Headphones L15 White,Contoso,White,43.07,129.99,505,Cell phones Accessories,5,Cell phones,86.92000000000002
2514,2515,Contoso In-Line Coupler E180 White,Contoso,White,1.71,3.35,505,Cell phones Accessories,5,Cell phones,1.6400000000000001
2515,2516,Contoso In-Line Coupler E180 Black,Contoso,Black,1.71,3.35,505,Cell phones Accessories,5,Cell phones,1.6400000000000001
2516,2517,Contoso In-Line Coupler E180 Silver,Contoso,Silver,1.71,3.35,505,Cell phones Accessories,5,Cell phones,1.6400000000000001
